step,time,mode,throughput,mean_speed,avg_ttc,crit_events
0,0.1,Baseline,0,30.13677266666667,,0
10,1.1,Baseline,0,20.176087788811426,,0
20,2.1,Baseline,0,21.33339563270194,,0
30,3.1,Baseline,0,22.607498913432025,,0
40,4.1,Baseline,0,23.222434521913353,,0
50,5.1,Baseline,0,24.157579799199702,,0
60,6.1,Baseline,0,25.233970871573856,,0
70,7.1,Baseline,0,26.122655107622787,,0
80,8.1,Baseline,0,23.34968947502756,,0
90,9.1,Baseline,0,23.881429999226718,,0
100,10.1,Baseline,0,24.364267845157126,,0
110,11.1,Baseline,0,23.88356701032154,,0
120,12.1,Baseline,0,24.245937231143007,,0
130,13.1,Baseline,0,24.709928728420852,,0
140,14.1,Baseline,0,25.209981932169924,,0
150,15.1,Baseline,0,23.630470586717887,,0
160,16.1,Baseline,0,23.982126589188994,,0
170,17.1,Baseline,0,24.523410885871794,,0
180,18.1,Baseline,0,24.31480994398994,,0
190,19.1,Baseline,0,24.65520964237257,,0
200,20.1,Baseline,0,25.037010563932657,,0
210,21.1,Baseline,0,25.40455954595168,,0
220,22.1,Baseline,0,24.468712228915507,,0
230,23.1,Baseline,0,24.402325296514505,,0
240,24.1,Baseline,0,24.628891822333113,,0
250,25.1,Baseline,0,24.83785640474668,,0
260,26.1,Baseline,0,24.591685564960272,,0
270,27.1,Baseline,0,24.74411086398299,,0
280,28.1,Baseline,0,24.97621783951284,,0
290,29.1,Baseline,0,25.37769856209585,,0
300,30.1,Baseline,0,24.374182520119582,,0
310,31.1,Baseline,0,24.67056864980532,,0
320,32.1,Baseline,0,24.98303043524958,1.0,0
330,33.1,Baseline,0,24.964009203954664,1.0,0
340,34.1,Baseline,0,25.24825898340725,1.0,0
350,35.1,Baseline,0,25.535600633952818,1.0,0
360,36.1,Baseline,0,25.86838076037439,1.0,0
370,37.1,Baseline,0,24.882532207955798,1.0,0
380,38.1,Baseline,0,24.958667599472186,1.0,0
390,39.1,Baseline,0,25.0367097684236,1.0,0
400,40.1,Baseline,0,24.981649503633918,1.0,0
410,41.1,Baseline,0,25.13652581929891,1.0,0
420,42.1,Baseline,0,25.31438252135727,1.0,0
430,43.1,Baseline,0,25.41261081606617,1.0,0
440,44.1,Baseline,0,24.8340560364702,1.0,0
450,45.1,Baseline,0,25.04122528889024,1.0,0
460,46.1,Baseline,0,25.314738680967796,1.0,0
470,47.1,Baseline,0,25.327232514482144,1.0,0
480,48.1,Baseline,0,25.483854047775445,1.0,0
490,49.1,Baseline,0,25.593947194464143,1.0,0
500,50.1,Baseline,0,25.722270186341404,1.0,0
510,51.1,Baseline,0,25.25961112196512,1.0,0
520,52.1,Baseline,0,25.33220257180173,1.0,0
530,53.1,Baseline,0,25.336583457760245,1.0,0
540,54.1,Baseline,0,25.107923627309667,1.0,0
550,55.1,Baseline,0,25.172563219521116,1.0,0
560,56.1,Baseline,0,25.29380637645735,1.0,0
570,57.1,Baseline,0,25.432182524405942,1.0,0
580,58.1,Baseline,0,24.989775009138803,1.0,0
590,59.1,Baseline,0,24.93819487056073,1.0,0
600,60.1,Baseline,0,25.10877661378131,1.0,0
610,61.1,Baseline,0,25.297712999245466,1.0,0
620,62.1,Baseline,0,25.237998939265193,1.0,0
630,63.1,Baseline,0,25.332433646359647,1.0,0
640,64.1,Baseline,0,25.404594210939962,1.0,0
650,65.1,Baseline,0,25.678824255544527,1.0,0
660,66.1,Baseline,0,25.19370328252252,1.0,0
670,67.1,Baseline,0,25.268897534048417,1.0,0
680,68.1,Baseline,0,25.29975230298739,1.0,0
690,69.1,Baseline,0,25.13719862430658,1.0,0
700,70.1,Baseline,0,25.250234451654702,1.0,0
710,71.1,Baseline,0,25.37657935969834,1.0,0
720,72.1,Baseline,0,25.602298728310725,1.0,0
730,73.1,Baseline,0,25.144806457882424,1.0,0
740,74.1,Baseline,0,25.18094172966326,1.0,0
750,75.1,Baseline,0,25.280702775267333,1.0,0
760,76.1,Baseline,0,25.283036709925486,1.0,0
770,77.1,Baseline,0,25.3626348118147,1.0,0
780,78.1,Baseline,0,25.407247023722526,1.0,0
790,79.1,Baseline,0,25.446862974332053,1.0,0
800,80.1,Baseline,0,25.117147864078515,1.0,0
810,81.1,Baseline,0,25.20181965765316,1.0,0
820,82.1,Baseline,0,25.334245201558886,1.0,0
830,83.1,Baseline,0,25.332813963094207,1.0,0
840,84.1,Baseline,0,25.355449894785753,1.0,0
850,85.1,Baseline,0,25.34250251803116,1.0,0
860,86.1,Baseline,0,25.341317679105778,1.0,0
870,87.1,Baseline,0,24.995339307714318,1.0,0
880,88.1,Baseline,0,25.005828695437202,1.0,0
890,89.1,Baseline,0,25.059882168245547,1.0,0
900,90.1,Baseline,0,24.967694953936817,1.0,0
910,91.1,Baseline,0,24.999163442136318,1.0,0
920,92.1,Baseline,0,25.038053172211338,1.0,0
930,93.1,Baseline,0,25.001050785541963,1.0,0
940,94.1,Baseline,0,24.662717588104606,1.0,0
950,95.1,Baseline,0,24.581789195581326,1.0,0
960,96.1,Baseline,0,24.594359863737274,1.0,0
970,97.1,Baseline,0,24.58989577914014,1.0,0
980,98.1,Baseline,0,24.428632681747946,1.0,0
990,99.1,Baseline,1,24.307681047119598,1.0,0
1000,100.1,Baseline,1,24.385743784774125,1.0,0
1010,101.1,Baseline,1,24.408030877563682,1.0,0
1020,102.1,Baseline,1,24.056016763837693,1.0,0
1030,103.1,Baseline,1,24.147715118015935,1.0,0
1040,104.1,Baseline,1,24.204496358140933,1.0,0
1050,105.1,Baseline,1,24.15133220990762,1.0,0
1060,106.1,Baseline,1,24.206561806896165,1.0,0
1070,107.1,Baseline,1,24.28393166181546,1.0,0
1080,108.1,Baseline,1,24.364999980791453,1.0,0
1090,109.1,Baseline,1,24.07191943678624,1.0,0
1100,110.1,Baseline,1,24.101379202752103,1.0,0
1110,111.1,Baseline,2,23.9077922119601,1.0,0
1120,112.1,Baseline,2,23.88170155947705,1.0,0
1130,113.1,Baseline,2,23.91560034687855,1.0,0
1140,114.1,Baseline,2,23.959259487184365,1.0,0
1150,115.1,Baseline,2,23.99566241628671,1.0,0
1160,116.1,Baseline,2,23.809589828406917,1.0,0
1170,117.1,Baseline,2,23.850936437153056,1.0,0
1180,118.1,Baseline,2,23.89512273838895,1.0,0
1190,119.1,Baseline,3,23.786269995650617,1.0,0
1200,120.1,Baseline,3,23.80302469642897,1.0,0
1210,121.1,Baseline,3,23.82355896390898,1.0,0
1220,122.1,Baseline,4,23.76229910517943,1.0,0
1230,123.1,Baseline,4,23.602600789776865,1.0,0
1240,124.1,Baseline,4,23.59083544548292,1.0,0
1250,125.1,Baseline,4,23.61115976875709,1.0,0
1260,126.1,Baseline,4,23.608422827907702,1.0,0
1270,127.1,Baseline,4,23.652173575659198,1.0,0
1280,128.1,Baseline,4,23.717290406317375,1.0,0
1290,129.1,Baseline,4,23.776127238707293,1.0,0
1300,130.1,Baseline,4,23.701485458916597,1.0,0
1310,131.1,Baseline,4,23.676009653029286,1.0,0
1320,132.1,Baseline,4,23.693585132202177,1.0,0
1330,133.1,Baseline,4,23.695075160784544,1.0,0
1340,134.1,Baseline,4,23.61650978772831,1.0,0
1350,135.1,Baseline,4,23.536550829196678,1.0,0
1360,136.1,Baseline,5,23.375545310005947,1.0,0
1370,137.1,Baseline,5,23.431384632856695,1.0,0
1380,138.1,Baseline,6,23.07916230084163,1.0,0
1390,139.1,Baseline,6,23.052654242842074,1.0,0
1400,140.1,Baseline,6,23.044246066966444,1.0,0
1410,141.1,Baseline,6,22.953593313051798,1.0,0
1420,142.1,Baseline,6,22.941046708788907,1.0,0
1430,143.1,Baseline,6,22.914638036064186,1.0,0
1440,144.1,Baseline,6,22.96943497345129,1.0,0
1450,145.1,Baseline,6,22.683158503505194,1.0,0
1460,146.1,Baseline,6,22.67324395658133,1.0,0
1470,147.1,Baseline,6,22.68288905777421,1.0,0
1480,148.1,Baseline,6,22.63429481295321,1.0,0
1490,149.1,Baseline,6,22.64759466067276,1.0,0
1500,150.1,Baseline,6,22.680555448669374,1.0,0
1510,151.1,Baseline,6,22.706764247833185,1.0,0
1520,152.1,Baseline,6,22.55528185274796,1.0,0
1530,153.1,Baseline,7,22.534065523368312,1.0,0
1540,154.1,Baseline,7,22.54107953475219,1.0,0
1550,155.1,Baseline,7,22.49892778784833,1.0,0
1560,156.1,Baseline,7,22.474795692912238,1.0,0
1570,157.1,Baseline,7,22.482184169549846,1.0,0
1580,158.1,Baseline,7,22.49381921470986,1.0,0
1590,159.1,Baseline,7,22.35896510375176,1.0,0
1600,160.1,Baseline,7,22.36561510031042,1.0,0
1610,161.1,Baseline,7,22.369035531330866,1.0,0
1620,162.1,Baseline,7,22.337846317151275,1.0,0
1630,163.1,Baseline,8,22.304273904835455,1.0,0
1640,164.1,Baseline,9,22.26544799819384,1.0,0
1650,165.1,Baseline,10,22.233253048128326,1.0,0
1660,166.1,Baseline,10,22.158374641645008,1.0,0
1670,167.1,Baseline,10,22.05785745729304,1.0,0
1680,168.1,Baseline,11,22.04220427954905,1.0,0
1690,169.1,Baseline,12,22.004253350282884,1.0,0
1700,170.1,Baseline,12,21.955484934691555,1.0,0
1710,171.1,Baseline,12,21.962421400636103,1.0,0
1720,172.1,Baseline,13,21.90923179871416,1.0,0
1730,173.1,Baseline,14,21.941860964224027,1.0,0
1740,174.1,Baseline,15,21.68619190907418,1.0,0
1750,175.1,Baseline,15,21.707055760028155,1.0,0
1760,176.1,Baseline,15,21.731103131493292,1.0,0
1770,177.1,Baseline,16,21.705030961581162,1.0,0
1780,178.1,Baseline,18,21.714190607408625,1.0,0
1790,179.1,Baseline,19,21.755717048008574,1.0,0
1800,180.1,Baseline,21,21.837166194569452,1.0,0
1810,181.1,Baseline,23,21.632502618680384,1.0,0
1820,182.1,Baseline,24,21.670287957740197,1.0,0
1830,183.1,Baseline,25,21.718331759283757,1.0,0
1840,184.1,Baseline,27,21.66344749796501,1.0,0
1850,185.1,Baseline,28,21.678933169379142,1.0,0
1860,186.1,Baseline,28,21.702864782975716,1.0,0
1870,187.1,Baseline,30,21.65061116946026,1.0,0
1880,188.1,Baseline,31,21.541772320892374,1.0,0
1890,189.1,Baseline,32,21.55992948736506,1.0,0
1900,190.1,Baseline,34,21.558012527551575,1.0,0
1910,191.1,Baseline,35,21.583924436885084,1.0,0
1920,192.1,Baseline,36,21.604061678104607,1.0,0
1930,193.1,Baseline,38,21.574688092897674,1.0,0
1940,194.1,Baseline,39,21.56562646495085,1.0,0
1950,195.1,Baseline,39,21.465067769618646,1.0,0
1960,196.1,Baseline,41,21.37128492821016,1.0,0
1970,197.1,Baseline,43,21.289810522818474,1.0,0
1980,198.1,Baseline,44,21.26966116669487,1.0,0
1990,199.1,Baseline,45,21.202257367366975,1.0,0
2000,200.1,Baseline,46,21.18279414325701,1.0,0
2010,201.1,Baseline,47,21.19194472369049,1.0,0
2020,202.1,Baseline,48,21.200423269826462,1.0,0
2030,203.1,Baseline,49,21.1109797915833,1.0,0
2040,204.1,Baseline,50,21.11040942583571,1.0,0
2050,205.1,Baseline,50,21.124161482298028,1.0,0
2060,206.1,Baseline,51,21.088768951187863,1.0,0
2070,207.1,Baseline,52,21.081041770636705,1.0,0
2080,208.1,Baseline,53,21.065811644774094,1.0,0
2090,209.1,Baseline,54,21.166082402113847,1.0,0
2100,210.1,Baseline,56,20.936925288126336,1.0,0
2110,211.1,Baseline,57,20.936833387140073,1.0,0
2120,212.1,Baseline,58,20.913274224028765,1.0,0
2130,213.1,Baseline,60,20.836581760641703,1.0,0
2140,214.1,Baseline,61,20.805622284149354,1.0,0
2150,215.1,Baseline,62,20.739983368508213,1.0,0
2160,216.1,Baseline,63,20.852339060226768,1.0,0
2170,217.1,Baseline,64,20.655470753193207,1.0,0
2180,218.1,Baseline,67,20.53210794497219,1.0,0
2190,219.1,Baseline,68,20.54244673852623,1.0,0
2200,220.1,Baseline,68,20.544859128442635,1.0,0
2210,221.1,Baseline,69,20.49038612824414,1.0,0
2220,222.1,Baseline,70,20.458568901551093,1.0,0
2230,223.1,Baseline,70,20.464614518085174,1.0,0
2240,224.1,Baseline,70,20.431254860374214,1.0,0
2250,225.1,Baseline,70,20.442538397397577,1.0,0
2260,226.1,Baseline,70,20.456914819445647,1.0,0
2270,227.1,Baseline,70,20.49036279284925,1.0,0
2280,228.1,Baseline,70,20.497198209295057,1.0,0
2290,229.1,Baseline,71,20.476706402160207,1.0,0
2300,230.1,Baseline,72,20.449234314205476,1.0,0
2310,231.1,Baseline,72,20.38271519504174,1.0,0
2320,232.1,Baseline,73,20.32680601070522,1.0,0
2330,233.1,Baseline,74,20.34846654353535,1.0,0
2340,234.1,Baseline,74,20.34606747115636,1.0,0
2350,235.1,Baseline,75,20.34655342321819,1.0,0
2360,236.1,Baseline,76,20.353386726617103,1.0,0
2370,237.1,Baseline,76,20.394090295421066,1.0,0
2380,238.1,Baseline,77,20.37935439896222,1.0,0
2390,239.1,Baseline,78,20.347247865988145,1.0,0
2400,240.1,Baseline,79,20.354110568611127,1.0,0
2410,241.1,Baseline,79,20.382037548115683,1.0,0
2420,242.1,Baseline,80,20.36345707828641,1.0,0
2430,243.1,Baseline,81,20.36568242796634,1.0,0
2440,244.1,Baseline,81,20.378478761188735,1.0,0
2450,245.1,Baseline,82,20.45525636678427,1.0,0
2460,246.1,Baseline,82,20.316382833912936,1.0,0
2470,247.1,Baseline,83,20.346557249376183,1.0,0
2480,248.1,Baseline,84,20.382208979381268,1.0,0
2490,249.1,Baseline,85,20.39979108036809,1.0,0
2500,250.1,Baseline,86,20.44334355042607,1.0,0
2510,251.1,Baseline,87,20.4746917955638,1.0,0
2520,252.1,Baseline,87,20.605670758224736,1.0,0
2530,253.1,Baseline,89,20.453985582060422,1.0,0
2540,254.1,Baseline,91,20.503322611011967,1.0,0
2550,255.1,Baseline,91,20.594251638355168,1.0,0
2560,256.1,Baseline,93,20.528141281741778,1.0,0
2570,257.1,Baseline,94,20.528291684059855,1.0,0
2580,258.1,Baseline,96,20.55308988434022,1.0,0
2590,259.1,Baseline,96,20.62452482697118,1.0,0
2600,260.1,Baseline,98,20.665471615818362,1.0,0
2610,261.1,Baseline,100,20.76915875439267,1.0,0
2620,262.1,Baseline,101,20.872331650489052,1.0,0
2630,263.1,Baseline,102,20.918641018207275,1.0,0
2640,264.1,Baseline,104,20.932679073467153,1.0,0
2650,265.1,Baseline,104,21.01632832776789,1.0,0
2660,266.1,Baseline,106,21.031267647626322,1.0,0
2670,267.1,Baseline,108,21.025041565017677,1.0,0
2680,268.1,Baseline,109,21.13324609776661,1.0,0
2690,269.1,Baseline,110,21.207994597353427,1.0,0
2700,270.1,Baseline,112,21.19077372845558,1.0,0
2710,271.1,Baseline,114,21.132883286765725,1.0,0
2720,272.1,Baseline,115,21.107985365272288,1.0,0
2730,273.1,Baseline,116,21.123736436520527,1.0,0
2740,274.1,Baseline,118,21.035857257755,1.0,0
2750,275.1,Baseline,119,21.01434960276583,1.0,0
2760,276.1,Baseline,121,20.987996621243393,1.0,0
2770,277.1,Baseline,122,21.01276268881838,1.0,0
2780,278.1,Baseline,123,21.011588673230452,1.0,0
2790,279.1,Baseline,123,21.092592094346422,1.0,0
2800,280.1,Baseline,125,21.10605277749389,1.0,0
2810,281.1,Baseline,125,21.27801414598334,1.0,0
2820,282.1,Baseline,127,21.1817692704858,1.0,0
2830,283.1,Baseline,127,21.316862340087827,1.0,0
2840,284.1,Baseline,129,21.357210357420975,1.0,0
2850,285.1,Baseline,130,21.373362166412928,1.0,0
2860,286.1,Baseline,131,21.396771394371335,1.0,0
2870,287.1,Baseline,132,21.43437643050818,1.0,0
2880,288.1,Baseline,132,21.59806325069585,1.0,0
2890,289.1,Baseline,133,21.447974321210292,1.0,0
2900,290.1,Baseline,134,21.465636888349565,1.0,0
2910,291.1,Baseline,134,21.531071537094785,1.0,0
2920,292.1,Baseline,136,21.543483039094415,1.0,0
2930,293.1,Baseline,138,21.548695200992952,1.0,0
2940,294.1,Baseline,139,21.56679309709582,1.0,0
2950,295.1,Baseline,140,21.593210081997313,1.0,0
2960,296.1,Baseline,140,21.51074980018737,1.0,0
2970,297.1,Baseline,141,21.530723230891756,1.0,0
2980,298.1,Baseline,143,21.52376164085635,1.0,0
2990,299.1,Baseline,143,21.50157812751889,1.0,0
3000,300.1,Baseline,145,21.439443223898824,1.0,0
3010,301.1,Baseline,146,21.451275263373567,1.0,0
3020,302.1,Baseline,147,21.463236211995866,1.0,0
3030,303.1,Baseline,149,21.405963060366815,1.0,0
3040,304.1,Baseline,149,21.426838074529826,1.0,0
3050,305.1,Baseline,151,21.385441036706343,1.0,0
3060,306.1,Baseline,153,21.38031145440704,1.0,0
3070,307.1,Baseline,155,21.343789307470505,1.0,0
3080,308.1,Baseline,155,21.339549745105874,1.0,0
3090,309.1,Baseline,157,21.226491627066736,1.0,0
3100,310.1,Baseline,158,21.035502033736755,1.0,0
3110,311.1,Baseline,160,20.886156835100742,1.0,0
3120,312.1,Baseline,161,20.871823553427976,1.0,0
3130,313.1,Baseline,163,20.81163614748605,1.0,0
3140,314.1,Baseline,165,20.73152972370243,1.0,0
3150,315.1,Baseline,166,20.698498930527688,1.0,0
3160,316.1,Baseline,167,20.679310349055815,1.0,0
3170,317.1,Baseline,168,20.74600100707562,1.0,0
3180,318.1,Baseline,169,20.583791771763586,1.0,0
3190,319.1,Baseline,170,20.55820516470668,1.0,0
3200,320.1,Baseline,171,20.527507134266155,1.0,0
3210,321.1,Baseline,173,20.445660200060793,1.0,0
3220,322.1,Baseline,174,20.47509583666711,1.0,0
3230,323.1,Baseline,175,20.519519655047404,1.0,0
3240,324.1,Baseline,175,20.60953565297777,1.0,0
3250,325.1,Baseline,177,20.448579113039766,1.0,0
3260,326.1,Baseline,179,20.431554072371487,1.0,0
3270,327.1,Baseline,180,20.421063049179754,1.0,0
3280,328.1,Baseline,181,20.40874367938332,1.0,0
3290,329.1,Baseline,182,20.356875764154804,1.0,0
3300,330.1,Baseline,183,20.273514592247736,1.0,0
3310,331.1,Baseline,184,20.168995127654803,1.0,0
3320,332.1,Baseline,185,20.04249649708493,1.0,0
3330,333.1,Baseline,187,19.911583828704753,1.0,0
3340,334.1,Baseline,187,19.914379906547023,1.0,0
3350,335.1,Baseline,189,19.816896059922048,1.0,0
3360,336.1,Baseline,190,19.747233719640267,1.0,0
3370,337.1,Baseline,192,19.702500266274615,1.0,0
3380,338.1,Baseline,192,19.74115128066427,1.0,0
3390,339.1,Baseline,194,19.741470475271854,1.0,0
3400,340.1,Baseline,195,19.759314640052096,1.0,0
3410,341.1,Baseline,195,19.865019314165043,1.0,0
3420,342.1,Baseline,197,19.916428048373234,1.0,0
3430,343.1,Baseline,198,19.94033024600859,1.0,0
3440,344.1,Baseline,199,20.011722019261295,1.0,0
3450,345.1,Baseline,201,19.996814119795985,1.0,0
3460,346.1,Baseline,203,19.969633915756376,1.0,0
3470,347.1,Baseline,203,19.993735341097683,1.0,0
3480,348.1,Baseline,204,20.06014382383658,1.0,0
3490,349.1,Baseline,206,20.065504676019756,1.0,0
3500,350.1,Baseline,208,20.05884822722924,1.0,0
3510,351.1,Baseline,210,20.02204201288478,1.0,0
3520,352.1,Baseline,212,19.971259354175075,1.0,0
3530,353.1,Baseline,212,20.146246149829377,1.0,0
3540,354.1,Baseline,213,20.00381904978532,1.0,0
3550,355.1,Baseline,214,19.983392575456122,1.0,0
3560,356.1,Baseline,214,20.01874180201472,1.0,0
3570,357.1,Baseline,215,20.050526123935768,1.0,0
3580,358.1,Baseline,215,20.149424512892594,1.0,0
3590,359.1,Baseline,216,20.21927204659302,1.0,0
3600,360.1,Baseline,218,20.25502200584719,1.0,0
3610,361.1,Baseline,219,20.10319431443669,1.0,0
3620,362.1,Baseline,220,20.101830319645718,1.0,0
3630,363.1,Baseline,221,20.099278456017455,1.0,0
3640,364.1,Baseline,223,20.026534560972497,1.0,0
3650,365.1,Baseline,224,19.999594191787605,1.0,0
3660,366.1,Baseline,225,19.966008264519523,1.0,0
3670,367.1,Baseline,227,19.903477041392794,1.0,0
3680,368.1,Baseline,228,19.782217065963767,1.0,0
3690,369.1,Baseline,229,19.716710225816726,1.0,0
3700,370.1,Baseline,230,19.669265702027428,1.0,0
3710,371.1,Baseline,231,19.61841459200611,1.0,0
3720,372.1,Baseline,231,19.582829288053837,1.0,0
3730,373.1,Baseline,231,19.535728599414565,1.0,0
3740,374.1,Baseline,232,19.440995677229502,1.0,0
3750,375.1,Baseline,233,19.44346342250446,1.0,0
3760,376.1,Baseline,235,19.329885752499198,1.0,0
3770,377.1,Baseline,236,19.261638413647123,1.0,0
3780,378.1,Baseline,238,19.22266087180138,1.0,0
3790,379.1,Baseline,239,19.18681381506246,1.0,0
3800,380.1,Baseline,240,19.160852215519697,1.0,0
3810,381.1,Baseline,242,19.06529676605764,1.0,0
3820,382.1,Baseline,244,18.94185370836466,1.0,0
3830,383.1,Baseline,244,18.909762744489683,1.0,0
3840,384.1,Baseline,246,18.783938663103843,1.0,0
3850,385.1,Baseline,248,18.702899863269817,1.0,0
3860,386.1,Baseline,249,18.679884250757915,1.0,0
3870,387.1,Baseline,250,18.62269658060537,1.0,0
3880,388.1,Baseline,251,18.551858567960316,1.0,0
3890,389.1,Baseline,252,18.60133789634678,1.0,0
3900,390.1,Baseline,252,18.47598546235675,1.0,0
3910,391.1,Baseline,254,18.327429829307984,1.0,0
3920,392.1,Baseline,255,18.271552211324142,1.0,0
3930,393.1,Baseline,255,18.320862191609383,1.0,0
3940,394.1,Baseline,255,18.34251857517336,1.0,0
3950,395.1,Baseline,255,18.378967377069873,1.0,0
3960,396.1,Baseline,255,18.525121733352066,1.0,0
3970,397.1,Baseline,255,18.415716379694047,1.0,0
3980,398.1,Baseline,255,18.453574918918857,1.0,0
3990,399.1,Baseline,255,18.48134213955044,1.0,0
4000,400.1,Baseline,255,18.512680395031857,1.0,0
4010,401.1,Baseline,256,18.382383657260345,1.0,0
4020,402.1,Baseline,257,18.26530523401429,1.0,0
4030,403.1,Baseline,258,18.16172826323739,1.0,0
4040,404.1,Baseline,259,18.065135142565893,1.0,0
4050,405.1,Baseline,259,18.05036395386814,1.0,0
4060,406.1,Baseline,259,18.054801191288693,1.0,0
4070,407.1,Baseline,259,18.07054029007531,1.0,0
4080,408.1,Baseline,259,18.068064734153868,1.0,0
4090,409.1,Baseline,260,18.10182127378156,1.0,0
4100,410.1,Baseline,260,18.122483923791005,1.0,0
4110,411.1,Baseline,261,18.15750589889396,1.0,0
4120,412.1,Baseline,262,18.139481653271506,1.0,0
4130,413.1,Baseline,262,18.143646939118234,1.0,0
4140,414.1,Baseline,263,18.15459390922371,1.0,0
4150,415.1,Baseline,264,18.12505757135561,1.0,0
4160,416.1,Baseline,265,18.100389320374617,1.0,0
4170,417.1,Baseline,266,18.079876257567946,1.0,0
4180,418.1,Baseline,268,18.10296126453057,1.0,0
4190,419.1,Baseline,270,18.047021673664286,1.0,0
4200,420.1,Baseline,271,18.047863934575208,1.0,0
4210,421.1,Baseline,272,18.031661522874188,1.0,0
4220,422.1,Baseline,273,18.06531348595898,1.0,0
4230,423.1,Baseline,275,18.00294170789569,1.0,0
4240,424.1,Baseline,276,18.00192580961016,1.0,0
4250,425.1,Baseline,277,18.128310435041225,1.0,0
4260,426.1,Baseline,280,17.96768074569446,1.0,0
4270,427.1,Baseline,281,17.98835576051552,1.0,0
4280,428.1,Baseline,282,18.01076112850084,1.0,0
4290,429.1,Baseline,283,18.054759182981957,1.0,0
4300,430.1,Baseline,284,18.05124316881008,1.0,0
4310,431.1,Baseline,284,18.10361492216808,1.0,0
4320,432.1,Baseline,286,18.15971997036104,1.0,0
4330,433.1,Baseline,288,18.01294335889842,1.0,0
4340,434.1,Baseline,289,17.986583188705097,1.0,0
4350,435.1,Baseline,290,17.98808383282451,1.0,0
4360,436.1,Baseline,292,17.919709757185725,1.0,0
4370,437.1,Baseline,292,17.940323365709915,1.0,0
4380,438.1,Baseline,294,17.855279834884684,1.0,0
4390,439.1,Baseline,295,17.81170557766916,1.0,0
4400,440.1,Baseline,296,17.84399610002421,1.0,0
4410,441.1,Baseline,297,17.863319495908442,1.0,0
4420,442.1,Baseline,298,17.844834974335356,1.0,0
4430,443.1,Baseline,298,17.939683230583924,1.0,0
4440,444.1,Baseline,299,17.957514772652463,1.0,0
4450,445.1,Baseline,300,18.021826120785345,1.0,0
4460,446.1,Baseline,301,18.113309029128363,1.0,0
4470,447.1,Baseline,301,18.26152920474737,1.0,0
4480,448.1,Baseline,301,18.334911131139794,1.0,0
4490,449.1,Baseline,302,18.411265024048006,1.0,0
4500,450.1,Baseline,303,18.47617056799355,1.0,0
4510,451.1,Baseline,304,18.544124751518037,1.0,0
4520,452.1,Baseline,306,18.62700789900317,1.0,0
4530,453.1,Baseline,307,18.764796946017753,1.0,0
4540,454.1,Baseline,309,18.84634587041356,1.0,0
4550,455.1,Baseline,310,18.911867819208076,1.0,0
4560,456.1,Baseline,311,19.057704038489575,1.0,0
4570,457.1,Baseline,312,19.142538408717805,1.0,0
4580,458.1,Baseline,314,19.17938893613618,1.0,0
4590,459.1,Baseline,315,19.24970826274198,1.0,0
4600,460.1,Baseline,316,19.253347441104136,1.0,0
4610,461.1,Baseline,317,19.38738882697271,1.0,0
4620,462.1,Baseline,318,19.285827634786695,1.0,0
4630,463.1,Baseline,318,19.31355109420439,1.0,0
4640,464.1,Baseline,318,19.366524180633487,1.0,0
4650,465.1,Baseline,319,19.385524615399657,1.0,0
4660,466.1,Baseline,319,19.369753851845925,1.0,0
4670,467.1,Baseline,320,19.354315266899185,1.0,0
4680,468.1,Baseline,320,19.47380298144442,1.0,0
4690,469.1,Baseline,322,19.365789981903326,1.0,0
4700,470.1,Baseline,323,19.430563857972093,1.0,0
4710,471.1,Baseline,325,19.411609743247848,1.0,0
4720,472.1,Baseline,326,19.440444348603915,1.0,0
4730,473.1,Baseline,327,19.45113149563672,1.0,0
4740,474.1,Baseline,329,19.435103432733506,1.0,0
4750,475.1,Baseline,330,19.453200404858965,1.0,0
4760,476.1,Baseline,331,19.488736687301586,1.0,0
4770,477.1,Baseline,333,19.507358719837583,1.0,0
4780,478.1,Baseline,334,19.529663112701666,1.0,0
4790,479.1,Baseline,336,19.53786881064478,1.0,0
4800,480.1,Baseline,337,19.541033025579914,1.0,0
4810,481.1,Baseline,339,19.537976456171457,1.0,0
4820,482.1,Baseline,339,19.570408693209327,1.0,0
4830,483.1,Baseline,340,19.566292392262692,1.0,0
4840,484.1,Baseline,342,19.523902598994525,1.0,0
4850,485.1,Baseline,344,19.547016300983813,1.0,0
4860,486.1,Baseline,345,19.54126627607358,1.0,0
4870,487.1,Baseline,346,19.547836071344697,1.0,0
4880,488.1,Baseline,347,19.559400850755736,1.0,0
4890,489.1,Baseline,349,19.530831522275083,1.0,0
4900,490.1,Baseline,350,19.52504400608457,1.0,0
4910,491.1,Baseline,351,19.5459970219735,1.0,0
4920,492.1,Baseline,353,19.590940538665595,1.0,0
4930,493.1,Baseline,355,19.600556337151847,1.0,0
4940,494.1,Baseline,357,19.585451156039415,1.0,0
4950,495.1,Baseline,358,19.597686347689567,1.0,0
4960,496.1,Baseline,359,19.54669698306948,1.0,0
4970,497.1,Baseline,360,19.54304915462191,1.0,0
4980,498.1,Baseline,362,19.278110296520676,1.0,0
4990,499.1,Baseline,363,19.173494510902557,1.0,0
5000,500.1,Baseline,365,18.97612602306586,1.0,0
5010,501.1,Baseline,367,18.797262277419495,1.0,0
5020,502.1,Baseline,367,18.65773599959709,1.0,0
5030,503.1,Baseline,369,18.47392005072388,1.0,0
5040,504.1,Baseline,370,18.453847278529913,1.0,0
5050,505.1,Baseline,371,18.26675614078201,1.0,0
5060,506.1,Baseline,373,18.134187491563427,1.0,0
5070,507.1,Baseline,375,18.021737230941888,1.0,0
5080,508.1,Baseline,375,17.997284086433094,1.0,0
5090,509.1,Baseline,377,17.899768575596383,1.0,0
5100,510.1,Baseline,378,17.84232097565142,1.0,0
5110,511.1,Baseline,380,17.77558665201271,1.0,0
5120,512.1,Baseline,381,17.74357338855998,1.0,0
5130,513.1,Baseline,383,17.687164643707753,1.0,0
5140,514.1,Baseline,385,17.63413013176476,1.0,0
5150,515.1,Baseline,386,17.641793621109834,1.0,0
5160,516.1,Baseline,388,17.55267845372867,1.0,0
5170,517.1,Baseline,389,17.528061377239638,1.0,0
5180,518.1,Baseline,390,17.48733510010318,1.0,0
5190,519.1,Baseline,391,17.523007135582173,1.0,0
5200,520.1,Baseline,392,17.572751793024764,1.0,0
5210,521.1,Baseline,393,17.561679323401936,1.0,0
5220,522.1,Baseline,396,17.56532001244117,1.0,0
5230,523.1,Baseline,397,17.58852623075626,1.0,0
5240,524.1,Baseline,398,17.64084129944549,1.0,0
5250,525.1,Baseline,399,17.70327728225244,1.0,0
5260,526.1,Baseline,399,17.849516401727154,1.0,0
5270,527.1,Baseline,400,17.78878753656068,1.0,0
5280,528.1,Baseline,401,17.768616240892488,1.0,0
5290,529.1,Baseline,402,17.74906076028693,1.0,0
5300,530.1,Baseline,403,17.75597560149013,1.0,0
5310,531.1,Baseline,405,17.735140900537225,1.0,0
5320,532.1,Baseline,406,17.72137233080091,1.0,0
5330,533.1,Baseline,407,17.782369018019175,1.0,0
5340,534.1,Baseline,409,17.61431724452906,1.0,0
5350,535.1,Baseline,410,17.647970510538062,1.0,0
5360,536.1,Baseline,411,17.716115744557598,1.0,0
5370,537.1,Baseline,411,17.831951335678998,1.0,0
5380,538.1,Baseline,413,17.835757755550436,1.0,0
5390,539.1,Baseline,414,17.838516342370987,1.0,0
5400,540.1,Baseline,416,17.863662430049054,1.0,0
5410,541.1,Baseline,417,17.72584198306273,1.0,0
5420,542.1,Baseline,419,17.666808980770284,1.0,0
5430,543.1,Baseline,420,17.707042911871227,1.0,0
5440,544.1,Baseline,422,17.721191205085393,1.0,0
5450,545.1,Baseline,424,17.70757077143052,1.0,0
5460,546.1,Baseline,426,17.6700544788107,1.0,0
5470,547.1,Baseline,427,17.699179650804332,1.0,0
5480,548.1,Baseline,428,17.680049531789315,1.0,0
5490,549.1,Baseline,429,17.700343208608356,1.0,0
5500,550.1,Baseline,430,17.7371059574181,1.0,0
5510,551.1,Baseline,432,17.773535343374665,1.0,0
5520,552.1,Baseline,432,17.861294957032268,1.0,0
5530,553.1,Baseline,433,17.87870074169276,1.0,0
5540,554.1,Baseline,434,17.89010368977976,1.0,0
5550,555.1,Baseline,435,17.94168040671326,1.0,0
5560,556.1,Baseline,437,17.891940465749997,1.0,0
5570,557.1,Baseline,439,17.80777314532612,1.0,0
5580,558.1,Baseline,439,17.855984919080473,1.0,0
5590,559.1,Baseline,440,17.774537760655914,1.0,0
5600,560.1,Baseline,442,17.612545285805194,1.0,0
5610,561.1,Baseline,443,17.502729132117782,1.0,0
5620,562.1,Baseline,443,17.47227069534931,1.0,0
5630,563.1,Baseline,443,17.387650750134558,1.0,0
5640,564.1,Baseline,444,17.315369173305683,1.0,0
5650,565.1,Baseline,444,17.294055405893623,1.0,0
5660,566.1,Baseline,446,17.228874526469074,1.0,0
5670,567.1,Baseline,447,17.182351921766227,1.0,0
5680,568.1,Baseline,448,17.170137286593484,1.0,0
5690,569.1,Baseline,449,17.226114336642606,1.0,0
5700,570.1,Baseline,449,17.109257234878633,1.0,0
5710,571.1,Baseline,450,17.031552071251397,1.0,0
5720,572.1,Baseline,452,16.9521223730091,1.0,0
5730,573.1,Baseline,453,16.956504776297344,1.0,0
5740,574.1,Baseline,454,16.906070300775585,1.0,0
5750,575.1,Baseline,456,16.77183659470835,1.0,0
5760,576.1,Baseline,456,16.92502626580137,1.0,0
5770,577.1,Baseline,458,16.724646962949343,1.0,0
5780,578.1,Baseline,460,16.663832861878394,1.0,0
5790,579.1,Baseline,460,16.724566226604022,1.0,0
5800,580.1,Baseline,461,16.726384919780887,1.0,0
5810,581.1,Baseline,462,16.70532833985098,1.0,0
5820,582.1,Baseline,463,16.72793688399282,1.0,0
5830,583.1,Baseline,463,16.784135329411885,1.0,0
5840,584.1,Baseline,464,16.761770478469113,1.0,0
5850,585.1,Baseline,464,16.80087853620778,1.0,0
5860,586.1,Baseline,465,16.754975292299395,1.0,0
5870,587.1,Baseline,466,16.689833035054146,1.0,0
5880,588.1,Baseline,468,16.514890696046738,1.0,0
5890,589.1,Baseline,470,16.33200908728419,1.0,0
5900,590.1,Baseline,470,16.290869109024438,1.0,0
5910,591.1,Baseline,470,16.28192958890574,1.0,0
5920,592.1,Baseline,470,16.248476309772215,1.0,0
5930,593.1,Baseline,470,16.247788695752988,1.0,0
5940,594.1,Baseline,471,16.16058604886997,1.0,0
5950,595.1,Baseline,471,16.14824925154768,1.0,0
5960,596.1,Baseline,472,16.109735701901602,1.0,0
5970,597.1,Baseline,472,16.147689169256218,1.0,0
5980,598.1,Baseline,472,16.26522126894911,1.0,0
5990,599.1,Baseline,472,16.246540748739022,1.0,0
6000,600.1,Baseline,474,16.1623471898416,1.0,0
6010,601.1,Baseline,475,16.141167132440774,1.0,0
6020,602.1,Baseline,476,16.157219065425696,1.0,0
6030,603.1,Baseline,477,16.146213894477214,1.0,0
6040,604.1,Baseline,479,16.080628097390345,1.0,0
6050,605.1,Baseline,480,16.18100275199879,1.0,0
6060,606.1,Baseline,481,16.079577146698576,1.0,0
6070,607.1,Baseline,482,16.069770302477234,1.0,0
6080,608.1,Baseline,482,16.05613060535253,1.0,0
6090,609.1,Baseline,483,16.09759308998961,1.0,0
6100,610.1,Baseline,485,15.963624445464394,1.0,0
6110,611.1,Baseline,485,15.948761500917927,1.0,0
6120,612.1,Baseline,485,16.055812344140566,1.0,0
6130,613.1,Baseline,486,15.914988549296897,1.0,0
6140,614.1,Baseline,487,15.86872718910692,1.0,0
6150,615.1,Baseline,488,15.796382154251036,1.0,0
6160,616.1,Baseline,489,15.788121563269485,1.0,0
6170,617.1,Baseline,490,15.75324888463684,1.0,0
6180,618.1,Baseline,491,15.7041908015409,1.0,0
6190,619.1,Baseline,492,15.659681781219337,1.0,0
6200,620.1,Baseline,494,15.618037412896088,1.0,0
6210,621.1,Baseline,495,15.572880525901539,1.0,0
6220,622.1,Baseline,496,15.548505322605623,1.0,0
6230,623.1,Baseline,497,15.557431884839351,1.0,0
6240,624.1,Baseline,497,15.570034999992297,1.0,0
6250,625.1,Baseline,498,15.531664313109681,1.0,0
6260,626.1,Baseline,499,15.501055449112918,1.0,0
6270,627.1,Baseline,499,15.563847665833444,1.0,0
6280,628.1,Baseline,501,15.42997529292485,1.0,0
6290,629.1,Baseline,503,15.334896233444711,1.0,0
6300,630.1,Baseline,503,15.381307640997692,1.0,0
6310,631.1,Baseline,506,15.262864552204773,1.0,0
6320,632.1,Baseline,507,15.191999336499654,1.0,0
6330,633.1,Baseline,509,15.078788321752455,1.0,0
6340,634.1,Baseline,509,15.139249434009518,1.0,0
6350,635.1,Baseline,511,14.977543457658264,1.0,0
6360,636.1,Baseline,512,14.900904544390132,1.0,0
6370,637.1,Baseline,512,14.869603072772922,1.0,0
6380,638.1,Baseline,512,14.899612788779384,1.0,0
6390,639.1,Baseline,513,14.866411151201639,1.0,0
6400,640.1,Baseline,513,14.868067871921461,1.0,0
6410,641.1,Baseline,514,14.950249230637846,1.0,0
6420,642.1,Baseline,515,14.861238581810191,1.0,0
6430,643.1,Baseline,516,14.828739813524617,1.0,0
6440,644.1,Baseline,517,14.829218591908548,1.0,0
6450,645.1,Baseline,519,14.815265438550531,1.0,0
6460,646.1,Baseline,521,14.72156758769709,1.0,0
6470,647.1,Baseline,521,14.724828006976711,1.0,0
6480,648.1,Baseline,523,14.748473576872904,1.0,0
6490,649.1,Baseline,524,14.59706527443672,1.0,0
6500,650.1,Baseline,525,14.49763748147919,1.0,0
6510,651.1,Baseline,527,14.382697325924763,1.0,0
6520,652.1,Baseline,527,14.434435001006184,1.0,0
6530,653.1,Baseline,529,14.330538824598067,1.0,0
6540,654.1,Baseline,529,14.369654814108124,1.0,0
6550,655.1,Baseline,531,14.285216515999679,1.0,0
6560,656.1,Baseline,532,14.35943707051927,1.0,0
6570,657.1,Baseline,533,14.380543215100785,1.0,0
6580,658.1,Baseline,534,14.40859668756305,1.0,0
6590,659.1,Baseline,536,14.413314235362941,1.0,0
6600,660.1,Baseline,538,14.387120169566446,1.0,0
6610,661.1,Baseline,539,14.407162630476696,1.0,0
6620,662.1,Baseline,539,14.445438163446497,1.0,0
6630,663.1,Baseline,540,14.521186370364651,1.0,0
6640,664.1,Baseline,541,14.504680685509069,1.0,0
6650,665.1,Baseline,542,14.544161056118359,1.0,0
6660,666.1,Baseline,543,14.656294837478743,1.0,0
6670,667.1,Baseline,544,14.739248957382134,1.0,0
6680,668.1,Baseline,546,14.69658791934809,1.0,0
6690,669.1,Baseline,546,14.721496498747157,1.0,0
6700,670.1,Baseline,548,14.735245730762133,1.0,0
6710,671.1,Baseline,550,14.65326293852429,1.0,0
6720,672.1,Baseline,550,14.74653927790001,1.0,0
6730,673.1,Baseline,552,14.745349324913972,1.0,0
6740,674.1,Baseline,553,14.823099132054168,1.0,0
6750,675.1,Baseline,553,14.855082444113984,1.0,0
6760,676.1,Baseline,553,14.853284324825621,1.0,0
6770,677.1,Baseline,553,15.018327955152131,1.0,0
6780,678.1,Baseline,554,14.934146385119648,1.0,0
6790,679.1,Baseline,554,14.92620735360168,1.0,0
6800,680.1,Baseline,554,14.93248417851791,1.0,0
6810,681.1,Baseline,554,14.969103693078035,1.0,0
6820,682.1,Baseline,554,14.990718094049944,1.0,0
6830,683.1,Baseline,554,14.997787544611715,1.0,0
6840,684.1,Baseline,555,15.106625436662128,1.0,0
6850,685.1,Baseline,556,15.02848055328415,1.0,0
6860,686.1,Baseline,557,15.039967660673693,1.0,0
6870,687.1,Baseline,558,15.057512207787887,1.0,0
6880,688.1,Baseline,560,15.091744135614476,1.0,0
6890,689.1,Baseline,561,15.114107599178134,1.0,0
6900,690.1,Baseline,563,15.099855112366619,1.0,0
6910,691.1,Baseline,563,15.17694240003704,1.0,0
6920,692.1,Baseline,565,15.201967209292892,1.0,0
6930,693.1,Baseline,566,15.220004123705992,1.0,0
6940,694.1,Baseline,567,15.222762154204869,1.0,0
6950,695.1,Baseline,569,15.203317777549515,1.0,0
6960,696.1,Baseline,571,15.19404838418125,1.0,0
6970,697.1,Baseline,571,15.274269971456132,1.0,0
6980,698.1,Baseline,573,15.255191449891294,1.0,0
6990,699.1,Baseline,574,15.313511755896121,1.0,0
7000,700.1,Baseline,576,15.254975257852385,1.0,0
7010,701.1,Baseline,578,15.178012437347055,1.0,0
7020,702.1,Baseline,579,15.231075438770642,1.0,0
7030,703.1,Baseline,580,15.213308230923229,1.0,0
7040,704.1,Baseline,581,15.190646727582473,1.0,0
7050,705.1,Baseline,582,15.19396893232041,1.0,0
7060,706.1,Baseline,584,15.148715406032107,1.0,0
7070,707.1,Baseline,585,15.074285380295022,1.0,0
7080,708.1,Baseline,586,15.053581962778692,1.0,0
7090,709.1,Baseline,586,15.08014790534657,1.0,0
7100,710.1,Baseline,587,15.131871266150911,1.0,0
7110,711.1,Baseline,588,15.146429963451645,1.0,0
7120,712.1,Baseline,588,15.188171285186952,1.0,0
7130,713.1,Baseline,588,15.375457768310161,1.0,0
7140,714.1,Baseline,589,15.279461771281678,1.0,0
7150,715.1,Baseline,591,15.263215449283596,1.0,0
7160,716.1,Baseline,593,15.210468221098052,1.0,0
7170,717.1,Baseline,594,15.196366502502356,1.0,0
7180,718.1,Baseline,595,15.109013258302527,1.0,0
7190,719.1,Baseline,596,15.088550332338585,1.0,0
7200,720.1,Baseline,598,15.204104571696872,1.0,0
7210,721.1,Baseline,598,15.183916114832105,1.0,0
7220,722.1,Baseline,598,15.222471344402942,1.0,0
7230,723.1,Baseline,599,15.183289061967368,1.0,0
7240,724.1,Baseline,601,15.198717205487887,1.0,0
7250,725.1,Baseline,602,15.185070409156488,1.0,0
7260,726.1,Baseline,602,15.185728603340307,1.0,0
7270,727.1,Baseline,603,15.144333274732263,1.0,0
7280,728.1,Baseline,603,15.292154508628697,1.0,0
7290,729.1,Baseline,604,15.304775501473566,1.0,0
7300,730.1,Baseline,605,15.261210659179701,1.0,0
7310,731.1,Baseline,607,15.20026149102609,1.0,0
7320,732.1,Baseline,608,15.152519228118326,1.0,0
7330,733.1,Baseline,609,15.145815305494565,1.0,0
7340,734.1,Baseline,611,15.025602148497299,1.0,0
7350,735.1,Baseline,612,15.06019038351737,1.0,0
7360,736.1,Baseline,613,15.018553202093042,1.0,0
7370,737.1,Baseline,615,14.938805871326377,1.0,0
7380,738.1,Baseline,615,15.021213377068056,1.0,0
7390,739.1,Baseline,617,14.90017612089776,1.0,0
7400,740.1,Baseline,617,14.930050094384253,1.0,0
7410,741.1,Baseline,618,14.896580466516852,1.0,0
7420,742.1,Baseline,618,15.022111417606645,1.0,0
7430,743.1,Baseline,619,14.976648783988923,1.0,0
7440,744.1,Baseline,620,14.982040704379878,1.0,0
7450,745.1,Baseline,621,14.949540666552606,1.0,0
7460,746.1,Baseline,622,14.962025109190035,1.0,0
7470,747.1,Baseline,624,14.814836201460558,1.0,0
7480,748.1,Baseline,624,14.811595906038484,1.0,0
7490,749.1,Baseline,626,14.798059019885406,1.0,0
7500,750.1,Baseline,628,14.594516889653283,1.0,0
7510,751.1,Baseline,629,14.484550423506567,1.0,0
7520,752.1,Baseline,632,14.302992653392145,1.0,0
7530,753.1,Baseline,633,14.294850372242495,1.0,0
7540,754.1,Baseline,633,14.278534734580518,1.0,0
7550,755.1,Baseline,633,14.328686397468992,1.0,0
7560,756.1,Baseline,633,14.484286380036233,1.0,0
7570,757.1,Baseline,634,14.371599542693398,1.0,0
7580,758.1,Baseline,635,14.296664819044231,1.0,0
7590,759.1,Baseline,635,14.289002631458793,1.0,0
7600,760.1,Baseline,636,14.232890884369713,1.0,0
7610,761.1,Baseline,636,14.1940626007875,1.0,0
7620,762.1,Baseline,637,14.08636031924257,1.0,0
7630,763.1,Baseline,637,14.093971601068858,1.0,0
7640,764.1,Baseline,639,14.088181211394721,1.0,0
7650,765.1,Baseline,641,13.986092040833928,1.0,0
7660,766.1,Baseline,642,14.000269710874775,1.0,0
7670,767.1,Baseline,643,14.05042848659383,1.0,0
7680,768.1,Baseline,643,14.134152902925956,1.0,0
7690,769.1,Baseline,644,14.135693231364781,1.0,0
7700,770.1,Baseline,644,14.197316088756947,1.0,0
7710,771.1,Baseline,644,14.336460624406044,1.0,0
7720,772.1,Baseline,646,14.325946543244115,1.0,0
7730,773.1,Baseline,648,14.321352195145522,1.0,0
7740,774.1,Baseline,649,14.360846258110225,1.0,0
7750,775.1,Baseline,650,14.343216428601757,1.0,0
7760,776.1,Baseline,652,14.27127081707452,1.0,0
7770,777.1,Baseline,654,14.190165235181652,1.0,0
7780,778.1,Baseline,655,14.233688939588879,1.0,0
7790,779.1,Baseline,656,14.14882992532323,1.0,0
7800,780.1,Baseline,656,14.156004971579454,1.0,0
7810,781.1,Baseline,657,14.10171357010061,1.0,0
7820,782.1,Baseline,659,14.055749919016042,1.0,0
7830,783.1,Baseline,661,13.95314562572195,1.0,0
7840,784.1,Baseline,661,13.906722121664732,1.0,0
7850,785.1,Baseline,663,13.91965230948842,1.0,0
7860,786.1,Baseline,665,13.7250763566857,1.0,0
7870,787.1,Baseline,666,13.670107887480432,1.0,0
7880,788.1,Baseline,667,13.57345315039729,1.0,0
7890,789.1,Baseline,669,13.52082867372914,1.0,0
7900,790.1,Baseline,670,13.493334091843161,1.0,0
7910,791.1,Baseline,671,13.470744977193235,1.0,0
7920,792.1,Baseline,673,13.502149952714893,1.0,0
7930,793.1,Baseline,675,13.354439188315173,1.0,0
7940,794.1,Baseline,676,13.29353176268192,1.0,0
7950,795.1,Baseline,677,13.252277314033407,1.0,0
7960,796.1,Baseline,679,13.218546738946646,1.0,0
7970,797.1,Baseline,680,13.153029406778002,1.0,0
7980,798.1,Baseline,683,12.976704740236102,1.0,0
7990,799.1,Baseline,685,12.869192436560514,1.0,0
8000,800.1,Baseline,686,12.9084487708739,1.0,0
8010,801.1,Baseline,688,12.812325051035119,1.0,0
8020,802.1,Baseline,689,12.781002541012635,1.0,0
8030,803.1,Baseline,690,12.838686399415936,1.0,0
8040,804.1,Baseline,692,12.741360690825188,1.0,0
8050,805.1,Baseline,692,12.770354001157258,1.0,0
8060,806.1,Baseline,693,12.774032283172488,1.0,0
8070,807.1,Baseline,694,12.882064163880596,1.0,0
8080,808.1,Baseline,694,12.926122764956517,1.0,0
8090,809.1,Baseline,694,12.914299873739921,1.0,0
8100,810.1,Baseline,694,12.921730232660224,1.0,0
8110,811.1,Baseline,694,12.902525817877791,1.0,0
8120,812.1,Baseline,695,12.83887369337444,1.0,0
8130,813.1,Baseline,695,12.822094939812278,1.0,0
8140,814.1,Baseline,695,12.924451076055242,1.0,0
8150,815.1,Baseline,696,12.869852852722882,1.0,0
8160,816.1,Baseline,696,12.929247488686451,1.0,0
8170,817.1,Baseline,697,12.93839374696319,1.0,0
8180,818.1,Baseline,697,13.066713909482917,1.0,0
8190,819.1,Baseline,698,13.094874389861594,1.0,0
8200,820.1,Baseline,699,13.135801717662888,1.0,0
8210,821.1,Baseline,700,13.309057256516748,1.0,0
8220,822.1,Baseline,701,13.261439683649341,1.0,0
8230,823.1,Baseline,703,13.240792686243516,1.0,0
8240,824.1,Baseline,704,13.274609606934291,1.0,0
8250,825.1,Baseline,706,13.270827629960543,1.0,0
8260,826.1,Baseline,706,13.302373974274875,1.0,0
8270,827.1,Baseline,709,13.202600422673099,1.0,0
8280,828.1,Baseline,709,13.334733302789369,1.0,0
8290,829.1,Baseline,711,13.186696535737605,1.0,0
8300,830.1,Baseline,713,13.085125615344396,1.0,0
8310,831.1,Baseline,714,13.047055393380347,1.0,0
8320,832.1,Baseline,715,13.026026721806394,1.0,0
8330,833.1,Baseline,715,13.042537608859815,1.0,0
8340,834.1,Baseline,717,12.98378802890594,1.0,0
8350,835.1,Baseline,717,13.021720147203016,1.0,0
8360,836.1,Baseline,718,13.071801017503347,1.0,0
8370,837.1,Baseline,718,13.076430835974154,1.0,0
8380,838.1,Baseline,720,12.998911999093716,1.0,0
8390,839.1,Baseline,721,13.005756211753923,1.0,0
8400,840.1,Baseline,722,12.93698038989829,1.0,0
8410,841.1,Baseline,722,12.940211531601054,1.0,0
8420,842.1,Baseline,724,12.881384953532992,1.0,0
8430,843.1,Baseline,725,12.961082776954678,1.0,0
8440,844.1,Baseline,726,12.975972862819027,1.0,0
8450,845.1,Baseline,727,12.934791009158616,1.0,0
8460,846.1,Baseline,728,12.945431169964797,1.0,0
8470,847.1,Baseline,729,12.878129177353633,1.0,0
8480,848.1,Baseline,731,12.74029450528013,1.0,0
8490,849.1,Baseline,732,12.676388858193649,1.0,0
8500,850.1,Baseline,734,12.704533753593935,1.0,0
8510,851.1,Baseline,735,12.638719572524098,1.0,0
8520,852.1,Baseline,737,12.5529162625582,1.0,0
8530,853.1,Baseline,738,12.49371834919543,1.0,0
8540,854.1,Baseline,740,12.475306444704422,1.0,0
8550,855.1,Baseline,740,12.500717185745268,1.0,0
8560,856.1,Baseline,741,12.446009327293948,1.0,0
8570,857.1,Baseline,742,12.52200734967708,1.0,0
8580,858.1,Baseline,743,12.442564254008763,1.0,0
8590,859.1,Baseline,744,12.357280516175624,1.0,0
8600,860.1,Baseline,744,12.350639154455259,1.0,0
8610,861.1,Baseline,744,12.400644766501717,1.0,0
8620,862.1,Baseline,744,12.397058486104864,1.0,0
8630,863.1,Baseline,744,12.353067149522628,1.0,0
8640,864.1,Baseline,745,12.339448088049613,1.0,0
8650,865.1,Baseline,746,12.257322457723763,1.0,0
8660,866.1,Baseline,746,12.266602036509363,1.0,0
8670,867.1,Baseline,746,12.302505002634959,1.0,0
8680,868.1,Baseline,747,12.363345653414457,1.0,0
8690,869.1,Baseline,747,12.40724116055618,1.0,0
8700,870.1,Baseline,748,12.433441670959544,1.0,0
8710,871.1,Baseline,749,12.454190915394229,1.0,0
8720,872.1,Baseline,749,12.590946959342721,1.0,0
8730,873.1,Baseline,750,12.617155123683942,1.0,0
8740,874.1,Baseline,751,12.653473807473347,1.0,0
8750,875.1,Baseline,751,12.777984528282511,1.0,0
8760,876.1,Baseline,751,12.815839602056512,1.0,0
8770,877.1,Baseline,751,12.834983940943774,1.0,0
8780,878.1,Baseline,752,12.854026016449414,1.0,0
8790,879.1,Baseline,753,12.974193542205585,1.0,0
8800,880.1,Baseline,755,12.916045693812977,1.0,0
8810,881.1,Baseline,756,12.888931713892722,1.0,0
8820,882.1,Baseline,757,12.965446200978072,1.0,0
8830,883.1,Baseline,758,12.949799105498697,1.0,0
8840,884.1,Baseline,760,12.909570179311611,1.0,0
8850,885.1,Baseline,761,12.903894976693985,1.0,0
8860,886.1,Baseline,763,12.948908536674976,1.0,0
8870,887.1,Baseline,764,12.859593277248672,1.0,0
8880,888.1,Baseline,766,12.79458950992927,1.0,0
8890,889.1,Baseline,767,12.752847406263475,1.0,0
8900,890.1,Baseline,767,12.835820547565413,1.0,0
8910,891.1,Baseline,769,12.761681050502167,1.0,0
8920,892.1,Baseline,769,12.757078863086456,1.0,0
8930,893.1,Baseline,770,12.83902373222487,1.0,0
8940,894.1,Baseline,772,12.737803226513567,1.0,0
8950,895.1,Baseline,772,12.753783842550575,1.0,0
8960,896.1,Baseline,773,12.703240911920878,1.0,0
8970,897.1,Baseline,775,12.714959231009644,1.0,0
8980,898.1,Baseline,776,12.695106075203588,1.0,0
8990,899.1,Baseline,777,12.670702466379613,1.0,0
9000,900.1,Baseline,778,12.76475711488228,1.0,0
9010,901.1,Baseline,780,12.680843209796361,1.0,0
9020,902.1,Baseline,780,12.732349479235205,1.0,0
9030,903.1,Baseline,782,12.661196633559435,1.0,0
9040,904.1,Baseline,783,12.70444379097385,1.0,0
9050,905.1,Baseline,783,12.710568948769682,1.0,0
9060,906.1,Baseline,785,12.659969876211589,1.0,0
9070,907.1,Baseline,786,12.643798940942522,1.0,0
9080,908.1,Baseline,787,12.74398047661986,1.0,0
9090,909.1,Baseline,787,12.74398123986467,1.0,0
9100,910.1,Baseline,789,12.644637205360082,1.0,0
9110,911.1,Baseline,789,12.707484107892133,1.0,0
9120,912.1,Baseline,792,12.531918444084038,1.0,0
9130,913.1,Baseline,793,12.459370817283904,1.0,0
9140,914.1,Baseline,794,12.367643346437921,1.0,0
9150,915.1,Baseline,794,12.461120383213055,1.0,0
9160,916.1,Baseline,795,12.395995671952763,1.0,0
9170,917.1,Baseline,796,12.32129077281025,1.0,0
9180,918.1,Baseline,796,12.375649904332594,1.0,0
9190,919.1,Baseline,798,12.293519253530842,1.0,0
9200,920.1,Baseline,800,12.227403549197023,1.0,0
9210,921.1,Baseline,800,12.221201609185771,1.0,0
9220,922.1,Baseline,802,12.316708561057947,1.0,0
9230,923.1,Baseline,804,12.204625760359265,1.0,0
9240,924.1,Baseline,804,12.257057464608428,1.0,0
9250,925.1,Baseline,806,12.152764638858054,1.0,0
9260,926.1,Baseline,807,12.188325778823485,1.0,0
9270,927.1,Baseline,808,12.147340833016457,1.0,0
9280,928.1,Baseline,809,12.158382376298862,1.0,0
9290,929.1,Baseline,810,12.22631126709491,1.0,0
9300,930.1,Baseline,811,12.124901489737082,1.0,0
9310,931.1,Baseline,811,12.11516091514662,1.0,0
9320,932.1,Baseline,812,12.049840057268474,1.0,0
9330,933.1,Baseline,812,12.118233668109388,1.0,0
9340,934.1,Baseline,814,12.053315560148187,1.0,0
9350,935.1,Baseline,815,11.981633899426784,1.0,0
9360,936.1,Baseline,816,12.123958995282768,1.0,0
9370,937.1,Baseline,817,12.052284116627646,1.0,0
9380,938.1,Baseline,819,11.95175995954943,1.0,0
9390,939.1,Baseline,821,11.859731411617961,1.0,0
9400,940.1,Baseline,821,11.951135464246239,1.0,0
9410,941.1,Baseline,823,11.913345751454278,1.0,0
9420,942.1,Baseline,823,11.962006073916665,1.0,0
9430,943.1,Baseline,824,11.922192803549118,1.0,0
9440,944.1,Baseline,825,11.972780687950952,1.0,0
9450,945.1,Baseline,826,11.937856498243594,1.0,0
9460,946.1,Baseline,827,11.89219352422162,1.0,0
9470,947.1,Baseline,828,11.886003656952061,1.0,0
9480,948.1,Baseline,828,11.84425666628681,1.0,0
9490,949.1,Baseline,829,11.807609395028628,1.0,0
9500,950.1,Baseline,830,11.77058388770808,1.0,0
9510,951.1,Baseline,831,11.801131694695691,1.0,0
9520,952.1,Baseline,831,11.787421014550354,1.0,0
9530,953.1,Baseline,832,11.759551126430386,1.0,0
9540,954.1,Baseline,833,11.775389251300233,1.0,0
9550,955.1,Baseline,833,11.781111990117534,1.0,0
9560,956.1,Baseline,835,11.69466160004891,1.0,0
9570,957.1,Baseline,837,11.623591106650379,1.0,0
9580,958.1,Baseline,838,11.706754987854408,1.0,0
9590,959.1,Baseline,840,11.662353046949598,1.0,0
9600,960.1,Baseline,841,11.654650756554625,1.0,0
9610,961.1,Baseline,844,11.561524085543907,1.0,0
9620,962.1,Baseline,845,11.555531081201421,1.0,0
9630,963.1,Baseline,846,11.498601442962036,1.0,0
9640,964.1,Baseline,848,11.424786018522962,1.0,0
9650,965.1,Baseline,849,11.518699252682058,1.0,0
9660,966.1,Baseline,850,11.446166650297041,1.0,0
9670,967.1,Baseline,852,11.33628920237532,1.0,0
9680,968.1,Baseline,854,11.224345502696332,1.0,0
9690,969.1,Baseline,856,11.18989484586889,1.0,0
9700,970.1,Baseline,858,11.09935143290912,1.0,0
9710,971.1,Baseline,859,11.016344694772712,1.0,0
9720,972.1,Baseline,860,11.074687389322214,1.0,0
9730,973.1,Baseline,861,11.025213060440988,1.0,0
9740,974.1,Baseline,862,11.005202787288303,1.0,0
9750,975.1,Baseline,863,11.012623072695938,1.0,0
9760,976.1,Baseline,863,11.158395799644643,1.0,0
9770,977.1,Baseline,864,11.182437906572634,1.0,0
9780,978.1,Baseline,864,11.22486621524266,1.0,0
9790,979.1,Baseline,865,11.210501652341625,1.0,0
9800,980.1,Baseline,866,11.319015669629461,1.0,0
9810,981.1,Baseline,868,11.199167991973171,1.0,0
9820,982.1,Baseline,869,11.109569515785973,1.0,0
9830,983.1,Baseline,871,11.079163052235808,1.0,0
9840,984.1,Baseline,872,10.987677752731086,1.0,0
9850,985.1,Baseline,873,10.974994264043541,1.0,0
9860,986.1,Baseline,873,11.00027902484504,1.0,0
9870,987.1,Baseline,874,11.04512917632041,1.0,0
9880,988.1,Baseline,874,11.005787021463357,1.0,0
9890,989.1,Baseline,874,11.003838239154579,1.0,0
9900,990.1,Baseline,875,10.958099310339614,1.0,0
9910,991.1,Baseline,877,10.791009572679293,1.0,0
9920,992.1,Baseline,877,10.77982297072315,1.0,0
9930,993.1,Baseline,878,10.733014910441105,1.0,0
9940,994.1,Baseline,878,10.871960107910464,1.0,0
9950,995.1,Baseline,878,10.871333811830418,1.0,0
9960,996.1,Baseline,878,10.901894722656252,1.0,0
9970,997.1,Baseline,878,10.930860957780308,1.0,0
9980,998.1,Baseline,878,11.006093694256641,1.0,0
9990,999.1,Baseline,878,10.961622439906252,1.0,0
10000,1000.1,Baseline,878,10.972668106657812,1.0,0
10010,1001.1,Baseline,878,11.13100486513591,1.0,0
10020,1002.1,Baseline,879,11.11967301808875,1.0,0
10030,1003.1,Baseline,880,11.085178369723502,1.0,0
10040,1004.1,Baseline,880,11.104429336292124,1.0,0
10050,1005.1,Baseline,881,11.169493113822579,1.0,0
10060,1006.1,Baseline,882,11.115420037458957,1.0,0
10070,1007.1,Baseline,882,11.105683000801914,1.0,0
10080,1008.1,Baseline,883,11.215744103066845,1.0,0
10090,1009.1,Baseline,884,11.132117852810378,1.0,0
10100,1010.1,Baseline,884,11.127612758133415,1.0,0
10110,1011.1,Baseline,885,11.072389964080104,1.0,0
10120,1012.1,Baseline,885,11.144590490796245,1.0,0
10130,1013.1,Baseline,886,11.0784697751051,1.0,0
10140,1014.1,Baseline,887,11.015021390794725,1.0,0
10150,1015.1,Baseline,887,10.99937008389074,1.0,0
10160,1016.1,Baseline,887,11.112114626308347,1.0,0
10170,1017.1,Baseline,888,11.09564391299564,1.0,0
10180,1018.1,Baseline,889,11.072177885692275,1.0,0
10190,1019.1,Baseline,889,11.16896462566983,1.0,0
10200,1020.1,Baseline,890,11.08866628483344,1.0,0
10210,1021.1,Baseline,890,11.064070429606062,1.0,0
10220,1022.1,Baseline,891,10.99730084320705,1.0,0
10230,1023.1,Baseline,893,11.04774073029623,1.0,0
10240,1024.1,Baseline,893,11.037769675740318,1.0,0
10250,1025.1,Baseline,893,11.039226740338242,1.0,0
10260,1026.1,Baseline,893,11.137162800826259,1.0,0
10270,1027.1,Baseline,894,11.107824070760506,1.0,0
10280,1028.1,Baseline,895,11.090574077526748,1.0,0
10290,1029.1,Baseline,895,11.107992731783723,1.0,0
10300,1030.1,Baseline,896,11.22510911849317,1.0,0
10310,1031.1,Baseline,896,11.249186617998793,1.0,0
10320,1032.1,Baseline,897,11.251294253471277,1.0,0
10330,1033.1,Baseline,897,11.302015990040484,1.0,0
10340,1034.1,Baseline,897,11.427455563434844,1.0,0
10350,1035.1,Baseline,897,11.451765425355422,1.0,0
10360,1036.1,Baseline,897,11.469232327441551,1.0,0
10370,1037.1,Baseline,897,11.586289061136778,1.0,0
10380,1038.1,Baseline,897,11.56684350398951,1.0,0
10390,1039.1,Baseline,897,11.556144180944134,1.0,0
10400,1040.1,Baseline,897,11.54439067590977,1.0,0
10410,1041.1,Baseline,897,11.603873221775498,1.0,0
10420,1042.1,Baseline,897,11.602522289834996,1.0,0
10430,1043.1,Baseline,897,11.598609214358806,1.0,0
10440,1044.1,Baseline,897,11.708834161484603,1.0,0
10450,1045.1,Baseline,897,11.683308093567893,1.0,0
10460,1046.1,Baseline,897,11.687800650119657,1.0,0
10470,1047.1,Baseline,897,11.687650893080708,1.0,0
10480,1048.1,Baseline,897,11.72978680186176,1.0,0
10490,1049.1,Baseline,898,11.719046200427718,1.0,0
10500,1050.1,Baseline,900,11.705629274266528,1.0,0
10510,1051.1,Baseline,900,11.719897601960627,1.0,0
10520,1052.1,Baseline,902,11.769377872488647,1.0,0
10530,1053.1,Baseline,903,11.769970318994801,1.0,0
10540,1054.1,Baseline,904,11.779376964009108,1.0,0
10550,1055.1,Baseline,906,11.828394368433331,1.0,0
10560,1056.1,Baseline,907,11.821083809974766,1.0,0
10570,1057.1,Baseline,908,11.79157319523934,1.0,0
10580,1058.1,Baseline,909,11.760624321514893,1.0,0
10590,1059.1,Baseline,911,11.80111095426504,1.0,0
10600,1060.1,Baseline,912,11.759925031497787,1.0,0
10610,1061.1,Baseline,913,11.756350824162173,1.0,0
10620,1062.1,Baseline,914,11.781598950406455,1.0,0
10630,1063.1,Baseline,916,11.74000006686574,1.0,0
10640,1064.1,Baseline,918,11.704080917316677,1.0,0
10650,1065.1,Baseline,919,11.677997811672503,1.0,0
10660,1066.1,Baseline,921,11.75744773211896,1.0,0
10670,1067.1,Baseline,922,11.719093870184624,1.0,0
10680,1068.1,Baseline,923,11.733400110642974,1.0,0
10690,1069.1,Baseline,925,11.689834366945275,1.0,0
10700,1070.1,Baseline,926,11.757776930890723,1.0,0
10710,1071.1,Baseline,927,11.813485142676386,1.0,0
10720,1072.1,Baseline,929,11.790264959960504,1.0,0
10730,1073.1,Baseline,930,11.942083893111898,1.0,0
10740,1074.1,Baseline,931,11.948336054841349,1.0,0
10750,1075.1,Baseline,933,11.920975448847706,1.0,0
10760,1076.1,Baseline,935,11.9417060868431,1.0,0
10770,1077.1,Baseline,936,12.060138981386293,1.0,0
10780,1078.1,Baseline,938,12.057183612357397,1.0,0
10790,1079.1,Baseline,939,12.07361147804033,1.0,0
10800,1080.1,Baseline,941,12.130174053472427,1.0,0
10810,1081.1,Baseline,943,12.042714086033266,1.0,0
10820,1082.1,Baseline,943,12.061148123692599,1.0,0
10830,1083.1,Baseline,945,12.03454378938677,1.0,0
10840,1084.1,Baseline,946,12.109371775827572,1.0,0
10850,1085.1,Baseline,948,12.083475824823596,1.0,0
10860,1086.1,Baseline,949,12.08221588593983,1.0,0
10870,1087.1,Baseline,951,12.076005481803204,1.0,0
10880,1088.1,Baseline,952,12.128069689359327,1.0,0
10890,1089.1,Baseline,953,12.091633565709282,1.0,0
10900,1090.1,Baseline,955,12.056628157104996,1.0,0
10910,1091.1,Baseline,957,12.038800881356924,1.0,0
10920,1092.1,Baseline,958,12.051834146417516,1.0,0
10930,1093.1,Baseline,959,12.019485775735207,1.0,0
10940,1094.1,Baseline,961,11.971272858150893,1.0,0
10950,1095.1,Baseline,963,12.011767435845437,1.0,0
10960,1096.1,Baseline,964,12.000395194997482,1.0,0
10970,1097.1,Baseline,966,11.921852030121022,1.0,0
10980,1098.1,Baseline,968,11.948180852398721,1.0,0
10990,1099.1,Baseline,970,11.882857454010013,1.0,0
11000,1100.1,Baseline,970,11.912425451786175,1.0,0
11010,1101.1,Baseline,972,11.865281087634015,1.0,0
11020,1102.1,Baseline,973,11.96894069577649,1.0,0
11030,1103.1,Baseline,974,11.951349519051664,1.0,0
11040,1104.1,Baseline,976,11.954087339694757,1.0,0
11050,1105.1,Baseline,977,11.980614660112737,1.0,0
11060,1106.1,Baseline,978,12.037497675907382,1.0,0
11070,1107.1,Baseline,978,12.087731878386753,1.0,0
11080,1108.1,Baseline,980,12.041182893664256,1.0,0
11090,1109.1,Baseline,981,12.17873198641914,1.0,0
11100,1110.1,Baseline,983,12.108638744718084,1.0,0
11110,1111.1,Baseline,985,12.08328705146545,1.0,0
11120,1112.1,Baseline,987,12.045114417131604,1.0,0
11130,1113.1,Baseline,988,12.110435304442355,1.0,0
11140,1114.1,Baseline,990,12.058266195398426,1.0,0
11150,1115.1,Baseline,993,11.97505379300747,1.0,0
11160,1116.1,Baseline,995,12.036026164521793,1.0,0
11170,1117.1,Baseline,997,11.958213823069974,1.0,0
11180,1118.1,Baseline,998,11.911523765043867,1.0,0
11190,1119.1,Baseline,999,11.913008342937795,1.0,0
11200,1120.1,Baseline,1002,11.843204067575114,1.0,0
11210,1121.1,Baseline,1002,11.838006947669866,1.0,0
11220,1122.1,Baseline,1004,11.75005338702605,1.0,0
11230,1123.1,Baseline,1006,11.663728458065156,1.0,0
11240,1124.1,Baseline,1007,11.724490535869096,1.0,0
11250,1125.1,Baseline,1008,11.716012782424722,1.0,0
11260,1126.1,Baseline,1009,11.696006102480963,1.0,0
11270,1127.1,Baseline,1011,11.715249473357323,1.0,0
11280,1128.1,Baseline,1012,11.666604339192128,1.0,0
11290,1129.1,Baseline,1014,11.574267075040288,1.0,0
11300,1130.1,Baseline,1015,11.527566466141282,1.0,0
11310,1131.1,Baseline,1017,11.566930777390143,1.0,0
11320,1132.1,Baseline,1019,11.510771674618622,1.0,0
11330,1133.1,Baseline,1021,11.457748627421033,1.0,0
11340,1134.1,Baseline,1022,11.470862233256646,1.0,0
11350,1135.1,Baseline,1023,11.44755105976612,1.0,0
11360,1136.1,Baseline,1025,11.369646230837617,1.0,0
11370,1137.1,Baseline,1025,11.377206632365088,1.0,0
11380,1138.1,Baseline,1026,11.464599798318913,1.0,0
11390,1139.1,Baseline,1026,11.44371010305759,1.0,0
11400,1140.1,Baseline,1028,11.391504053110406,1.0,0
11410,1141.1,Baseline,1030,11.326215401965392,1.0,0
11420,1142.1,Baseline,1031,11.364567222547628,1.0,0
11430,1143.1,Baseline,1032,11.341544209564336,1.0,0
11440,1144.1,Baseline,1033,11.296495440975441,1.0,0
11450,1145.1,Baseline,1034,11.424147314203235,1.0,0
11460,1146.1,Baseline,1035,11.364353515346135,1.0,0
11470,1147.1,Baseline,1036,11.356605268193487,1.0,0
11480,1148.1,Baseline,1036,11.394738992366925,1.0,0
11490,1149.1,Baseline,1037,11.428139883944146,1.0,0
11500,1150.1,Baseline,1037,11.459513763218338,1.0,0
11510,1151.1,Baseline,1039,11.410779871493277,1.0,0
11520,1152.1,Baseline,1040,11.522452061936432,1.0,0
11530,1153.1,Baseline,1042,11.447437653838364,1.0,0
11540,1154.1,Baseline,1043,11.468563716121633,1.0,0
11550,1155.1,Baseline,1045,11.406768170386538,1.0,0
11560,1156.1,Baseline,1045,11.444729533286411,1.0,0
11570,1157.1,Baseline,1047,11.388228903908024,1.0,0
11580,1158.1,Baseline,1048,11.361888063543983,1.0,0
11590,1159.1,Baseline,1050,11.280280421464195,1.0,0
11600,1160.1,Baseline,1052,11.343047045303189,1.0,0
11610,1161.1,Baseline,1052,11.393211028771303,1.0,0
11620,1162.1,Baseline,1054,11.396538374235002,1.0,0
11630,1163.1,Baseline,1056,11.422422159267475,1.0,0
11640,1164.1,Baseline,1057,11.437336428366832,1.0,0
11650,1165.1,Baseline,1058,11.438569635390609,1.0,0
11660,1166.1,Baseline,1060,11.42738415477967,1.0,0
11670,1167.1,Baseline,1062,11.4862793113727,1.0,0
11680,1168.1,Baseline,1063,11.458720250128751,1.0,0
11690,1169.1,Baseline,1065,11.442407586263728,1.0,0
11700,1170.1,Baseline,1066,11.513074839582464,1.0,0
11710,1171.1,Baseline,1068,11.451499323647115,1.0,0
11720,1172.1,Baseline,1069,11.446180535309876,1.0,0
11730,1173.1,Baseline,1070,11.416389555860068,1.0,0
11740,1174.1,Baseline,1071,11.511582701135652,1.0,0
11750,1175.1,Baseline,1071,11.532309452372962,1.0,0
11760,1176.1,Baseline,1073,11.467510929038413,1.0,0
11770,1177.1,Baseline,1074,11.449966949734202,1.0,0
11780,1178.1,Baseline,1076,11.48842503565531,1.0,0
11790,1179.1,Baseline,1076,11.529657889444765,1.0,0
11800,1180.1,Baseline,1077,11.559394839398115,1.0,0
11810,1181.1,Baseline,1079,11.639894874352684,1.0,0
11820,1182.1,Baseline,1080,11.625996526783732,1.0,0
11830,1183.1,Baseline,1081,11.633193237535329,1.0,0
11840,1184.1,Baseline,1082,11.62349163835513,1.0,0
11850,1185.1,Baseline,1083,11.687685665109436,1.0,0
11860,1186.1,Baseline,1085,11.640956098420679,1.0,0
11870,1187.1,Baseline,1087,11.61750807251591,1.0,0
11880,1188.1,Baseline,1089,11.673257651566821,1.0,0
11890,1189.1,Baseline,1091,11.594907525084295,1.0,0
11900,1190.1,Baseline,1093,11.556996852929688,1.0,0
11910,1191.1,Baseline,1093,11.615459714215024,1.0,0
11920,1192.1,Baseline,1096,11.6036040666485,1.0,0
11930,1193.1,Baseline,1097,11.644067843540137,1.0,0
11940,1194.1,Baseline,1098,11.697880299657552,1.0,0
11950,1195.1,Baseline,1099,11.72406455225245,1.0,0
11960,1196.1,Baseline,1101,11.813333556080616,1.0,0
11970,1197.1,Baseline,1101,11.88122382569063,1.0,0
11980,1198.1,Baseline,1103,11.863415821764345,1.0,0
11990,1199.1,Baseline,1105,11.90048005039643,1.0,0
12000,1200.1,Baseline,1106,11.938964883336691,1.0,0
12010,1201.1,Baseline,1107,11.943361786338622,1.0,0
12020,1202.1,Baseline,1108,11.93154375845883,1.0,0
12030,1203.1,Baseline,1110,11.971824251403197,1.0,0
12040,1204.1,Baseline,1111,11.93995392018547,1.0,0
12050,1205.1,Baseline,1112,11.903363346192487,1.0,0
12060,1206.1,Baseline,1114,11.871519326101632,1.0,0
12070,1207.1,Baseline,1116,11.76215865283651,1.0,0
12080,1208.1,Baseline,1117,11.712625751500735,1.0,0
12090,1209.1,Baseline,1118,11.681697121692325,1.0,0
12100,1210.1,Baseline,1119,11.767632233892666,1.0,0
12110,1211.1,Baseline,1120,11.708720436755833,1.0,0
12120,1212.1,Baseline,1120,11.72339616574217,1.0,0
12130,1213.1,Baseline,1121,11.720390766114097,1.0,0
12140,1214.1,Baseline,1122,11.744694710351,1.0,0
12150,1215.1,Baseline,1122,11.749932208107182,1.0,0
12160,1216.1,Baseline,1123,11.72382789432302,1.0,0
12170,1217.1,Baseline,1123,11.86139590753113,1.0,0
12180,1218.1,Baseline,1123,11.862625140314634,1.0,0
12190,1219.1,Baseline,1124,11.87312571259986,1.0,0
12200,1220.1,Baseline,1125,11.881539903017742,1.0,0
12210,1221.1,Baseline,1126,11.945759268563153,1.0,0
12220,1222.1,Baseline,1126,11.97309564477692,1.0,0
12230,1223.1,Baseline,1127,11.95721957680502,1.0,0
12240,1224.1,Baseline,1128,12.055748544050656,1.0,0
12250,1225.1,Baseline,1130,11.96228907220053,1.0,0
12260,1226.1,Baseline,1130,11.972634182615192,1.0,0
12270,1227.1,Baseline,1132,11.92191852329947,1.0,0
12280,1228.1,Baseline,1133,11.958094680510039,1.0,0
12290,1229.1,Baseline,1135,11.927532340742676,1.0,0
12300,1230.1,Baseline,1135,11.945354872494866,1.0,0
12310,1231.1,Baseline,1137,11.880722803194804,1.0,0
12320,1232.1,Baseline,1137,12.002707979430847,1.0,0
12330,1233.1,Baseline,1139,11.969512259431347,1.0,0
12340,1234.1,Baseline,1141,11.908475889923043,1.0,0
12350,1235.1,Baseline,1143,11.930048663260598,1.0,0
12360,1236.1,Baseline,1144,11.904258391629707,1.0,0
12370,1237.1,Baseline,1145,11.902313200136824,1.0,0
12380,1238.1,Baseline,1147,11.855852924412266,1.0,0
12390,1239.1,Baseline,1148,11.934795046771711,1.0,0
12400,1240.1,Baseline,1150,11.880632691467074,1.0,0
12410,1241.1,Baseline,1152,11.817782386969174,1.0,0
12420,1242.1,Baseline,1154,11.825044576050258,1.0,0
12430,1243.1,Baseline,1155,11.801818371035768,1.0,0
12440,1244.1,Baseline,1157,11.753300558937408,1.0,0
12450,1245.1,Baseline,1157,11.782335150875202,1.0,0
12460,1246.1,Baseline,1159,11.81604868146754,1.0,0
12470,1247.1,Baseline,1162,11.689508108709832,1.0,0
12480,1248.1,Baseline,1163,11.659320771262538,1.0,0
12490,1249.1,Baseline,1165,11.589720323526715,1.0,0
12500,1250.1,Baseline,1166,11.644719810720426,1.0,0
12510,1251.1,Baseline,1168,11.577640002298429,1.0,0
12520,1252.1,Baseline,1169,11.557578224833422,1.0,0
12530,1253.1,Baseline,1170,11.651997189228123,1.0,0
12540,1254.1,Baseline,1172,11.55465273178866,1.0,0
12550,1255.1,Baseline,1174,11.486409211422195,1.0,0
12560,1256.1,Baseline,1175,11.455935152079467,1.0,0
12570,1257.1,Baseline,1178,11.399175018038717,1.0,0
12580,1258.1,Baseline,1179,11.35578052983887,1.0,0
12590,1259.1,Baseline,1181,11.281349749162242,1.0,0
12600,1260.1,Baseline,1182,11.370102534615908,1.0,0
12610,1261.1,Baseline,1183,11.313701867497596,1.0,0
12620,1262.1,Baseline,1185,11.249966594966741,1.0,0
12630,1263.1,Baseline,1186,11.239298629816059,1.0,0
12640,1264.1,Baseline,1186,11.311547592750184,1.0,0
12650,1265.1,Baseline,1188,11.260936564940033,1.0,0
12660,1266.1,Baseline,1190,11.183488686290154,1.0,0
12670,1267.1,Baseline,1191,11.140944434550033,1.0,0
12680,1268.1,Baseline,1192,11.197295732860125,1.0,0
12690,1269.1,Baseline,1194,11.123781485409834,1.0,0
12700,1270.1,Baseline,1194,11.147758286800144,1.0,0
12710,1271.1,Baseline,1195,11.197365901556784,1.0,0
12720,1272.1,Baseline,1197,11.143201380226966,1.0,0
12730,1273.1,Baseline,1198,11.123582060270035,1.0,0
12740,1274.1,Baseline,1199,11.111752459480726,1.0,0
12750,1275.1,Baseline,1202,11.115988410072656,1.0,0
12760,1276.1,Baseline,1203,11.077796243538337,1.0,0
12770,1277.1,Baseline,1206,10.99877119243189,1.0,0
12780,1278.1,Baseline,1206,11.111631192757985,1.0,0
12790,1279.1,Baseline,1208,11.05748058053256,1.0,0
12800,1280.1,Baseline,1209,11.054597201525612,1.0,0
12810,1281.1,Baseline,1211,11.010729007894556,1.0,0
12820,1282.1,Baseline,1211,11.170668901211483,1.0,0
12830,1283.1,Baseline,1213,11.082927960220287,1.0,0
12840,1284.1,Baseline,1214,11.046426714733363,1.0,0
12850,1285.1,Baseline,1215,11.005620365064368,1.0,0
12860,1286.1,Baseline,1217,10.999885574400974,1.0,0
12870,1287.1,Baseline,1218,10.971753843848482,1.0,0
12880,1288.1,Baseline,1220,10.8969834073004,1.0,0
12890,1289.1,Baseline,1222,10.942885577071912,1.0,0
12900,1290.1,Baseline,1223,10.889389620662575,1.0,0
12910,1291.1,Baseline,1223,10.878197322617687,1.0,0
12920,1292.1,Baseline,1224,10.846277201549492,1.0,0
12930,1293.1,Baseline,1225,10.889269755200809,1.0,0
12940,1294.1,Baseline,1226,10.848780263257224,1.0,0
12950,1295.1,Baseline,1226,10.821041947965314,1.0,0
12960,1296.1,Baseline,1227,10.931777820204811,1.0,0
12970,1297.1,Baseline,1228,10.867088803639664,1.0,0
12980,1298.1,Baseline,1229,10.826353140707786,1.0,0
12990,1299.1,Baseline,1229,10.827047228494385,1.0,0
13000,1300.1,Baseline,1230,10.861355372619368,1.0,0
13010,1301.1,Baseline,1231,10.819576906699972,1.0,0
13020,1302.1,Baseline,1231,10.841619530007451,1.0,0
13030,1303.1,Baseline,1232,10.848336749706581,1.0,0
13040,1304.1,Baseline,1233,10.986223222888544,1.0,0
13050,1305.1,Baseline,1234,11.007683918976337,1.0,0
13060,1306.1,Baseline,1235,11.01717885199658,1.0,0
13070,1307.1,Baseline,1236,11.091192789942173,1.0,0
13080,1308.1,Baseline,1237,11.081730924087614,1.0,0
13090,1309.1,Baseline,1237,11.102633162303285,1.0,0
13100,1310.1,Baseline,1238,11.06393386986275,1.0,0
13110,1311.1,Baseline,1239,11.140531463787424,1.0,0
13120,1312.1,Baseline,1239,11.135992171784162,1.0,0
13130,1313.1,Baseline,1240,11.128004073684595,1.0,0
13140,1314.1,Baseline,1240,11.211693320786026,1.0,0
13150,1315.1,Baseline,1240,11.228664093927339,1.0,0
13160,1316.1,Baseline,1240,11.226659536532269,1.0,0
13170,1317.1,Baseline,1240,11.222747587881381,1.0,0
13180,1318.1,Baseline,1241,11.323981209055493,1.0,0
13190,1319.1,Baseline,1242,11.27742567131358,1.0,0
13200,1320.1,Baseline,1243,11.248756421437385,1.0,0
13210,1321.1,Baseline,1243,11.264285512582328,1.0,0
13220,1322.1,Baseline,1244,11.309944232065964,1.0,0
13230,1323.1,Baseline,1245,11.300620995082927,1.0,0
13240,1324.1,Baseline,1246,11.283302800024947,1.0,0
13250,1325.1,Baseline,1247,11.35966266399594,1.0,0
13260,1326.1,Baseline,1247,11.343581708132849,1.0,0
13270,1327.1,Baseline,1247,11.355137987239164,1.0,0
13280,1328.1,Baseline,1248,11.345610688801717,1.0,0
13290,1329.1,Baseline,1249,11.405945871221991,1.0,0
13300,1330.1,Baseline,1249,11.445795441571647,1.0,0
13310,1331.1,Baseline,1250,11.460383739687096,1.0,0
13320,1332.1,Baseline,1251,11.561684901519582,1.0,0
13330,1333.1,Baseline,1252,11.517836155387737,1.0,0
13340,1334.1,Baseline,1253,11.533032644125838,1.0,0
13350,1335.1,Baseline,1253,11.582070979164525,1.0,0
13360,1336.1,Baseline,1254,11.642350078352848,1.0,0
13370,1337.1,Baseline,1255,11.635581981140081,1.0,0
13380,1338.1,Baseline,1256,11.64316567896385,1.0,0
13390,1339.1,Baseline,1256,11.656833935834252,1.0,0
13400,1340.1,Baseline,1257,11.73475243388848,1.0,0
13410,1341.1,Baseline,1258,11.714232250994451,1.0,0
13420,1342.1,Baseline,1258,11.740729389455566,1.0,0
13430,1343.1,Baseline,1259,11.79507222531615,1.0,0
13440,1344.1,Baseline,1260,11.77561810166384,1.0,0
13450,1345.1,Baseline,1261,11.79161639276717,1.0,0
13460,1346.1,Baseline,1262,11.802824817097255,1.0,0
13470,1347.1,Baseline,1264,11.85800944072496,1.0,0
13480,1348.1,Baseline,1265,11.866273228076194,1.0,0
13490,1349.1,Baseline,1267,11.87804459541992,1.0,0
13500,1350.1,Baseline,1268,11.960304092603979,1.0,0
13510,1351.1,Baseline,1269,11.954816766319924,1.0,0
13520,1352.1,Baseline,1270,11.970005888640959,1.0,0
13530,1353.1,Baseline,1272,11.917514229870422,1.0,0
13540,1354.1,Baseline,1273,12.025235217062312,1.0,0
13550,1355.1,Baseline,1275,11.962665382446989,1.0,0
13560,1356.1,Baseline,1277,11.918809340161959,1.0,0
13570,1357.1,Baseline,1278,11.907467286723184,1.0,0
13580,1358.1,Baseline,1279,11.962082001462843,1.0,0
13590,1359.1,Baseline,1280,11.96737281057373,1.0,0
13600,1360.1,Baseline,1282,11.966638853403673,1.0,0
13610,1361.1,Baseline,1283,12.070273742772912,1.0,0
13620,1362.1,Baseline,1285,12.026092343298062,1.0,0
13630,1363.1,Baseline,1287,12.006782063530665,1.0,0
13640,1364.1,Baseline,1288,12.023881465501708,1.0,0
13650,1365.1,Baseline,1289,12.092451906213894,1.0,0
13660,1366.1,Baseline,1291,12.04973659914646,1.0,0
13670,1367.1,Baseline,1292,12.045545434370089,1.0,0
13680,1368.1,Baseline,1294,12.111372622519315,1.0,0
13690,1369.1,Baseline,1296,12.056627081896321,1.0,0
13700,1370.1,Baseline,1298,11.994900710923611,1.0,0
13710,1371.1,Baseline,1298,12.010256985452592,1.0,0
13720,1372.1,Baseline,1300,12.003176025117458,1.0,0
13730,1373.1,Baseline,1301,11.977538876526456,1.0,0
13740,1374.1,Baseline,1303,11.925742231245788,1.0,0
13750,1375.1,Baseline,1305,11.915819949071137,1.0,0
13760,1376.1,Baseline,1306,11.999877316950244,1.0,0
13770,1377.1,Baseline,1308,11.954435799034597,1.0,0
13780,1378.1,Baseline,1309,11.943333222792662,1.0,0
13790,1379.1,Baseline,1311,12.013765660327243,1.0,0
13800,1380.1,Baseline,1312,11.99405385378278,1.0,0
13810,1381.1,Baseline,1314,11.96644185466876,1.0,0
13820,1382.1,Baseline,1316,11.893661714850332,1.0,0
13830,1383.1,Baseline,1316,11.908949573550345,1.0,0
13840,1384.1,Baseline,1317,11.835030409497739,1.0,0
13850,1385.1,Baseline,1318,11.77258574230434,1.0,0
13860,1386.1,Baseline,1320,11.741720804497621,1.0,0
13870,1387.1,Baseline,1323,11.636728390941204,1.0,0
13880,1388.1,Baseline,1323,11.632661886569995,1.0,0
13890,1389.1,Baseline,1325,11.561328704161626,1.0,0
13900,1390.1,Baseline,1326,11.623407717288181,1.0,0
13910,1391.1,Baseline,1328,11.535774151176366,1.0,0
13920,1392.1,Baseline,1329,11.517227503565044,1.0,0
13930,1393.1,Baseline,1330,11.513263444797943,1.0,0
13940,1394.1,Baseline,1332,11.534671914151064,1.0,0
13950,1395.1,Baseline,1334,11.501642690875608,1.0,0
13960,1396.1,Baseline,1335,11.539195451973153,1.0,0
13970,1397.1,Baseline,1337,11.637914156173638,1.0,0
13980,1398.1,Baseline,1338,11.627398066284755,1.0,0
13990,1399.1,Baseline,1339,11.636114092339092,1.0,0
14000,1400.1,Baseline,1341,11.614837759433634,1.0,0
14010,1401.1,Baseline,1343,11.637606810636447,1.0,0
14020,1402.1,Baseline,1344,11.65491895368773,1.0,0
14030,1403.1,Baseline,1346,11.595852082584065,1.0,0
14040,1404.1,Baseline,1346,11.757779915352343,1.0,0
14050,1405.1,Baseline,1348,11.672514552665078,1.0,0
14060,1406.1,Baseline,1349,11.67038441005858,1.0,0
14070,1407.1,Baseline,1350,11.699783396938981,1.0,0
14080,1408.1,Baseline,1352,11.71870776936903,1.0,0
14090,1409.1,Baseline,1353,11.748873515671407,1.0,0
14100,1410.1,Baseline,1355,11.700018210902044,1.0,0
14110,1411.1,Baseline,1356,11.682008051514824,1.0,0
14120,1412.1,Baseline,1358,11.709706301763116,1.0,0
14130,1413.1,Baseline,1359,11.702798777027926,1.0,0
14140,1414.1,Baseline,1361,11.663662644106958,1.0,0
14150,1415.1,Baseline,1363,11.66524104880832,1.0,0
14160,1416.1,Baseline,1365,11.63167138919592,1.0,0
14170,1417.1,Baseline,1367,11.576860697371805,1.0,0
14180,1418.1,Baseline,1368,11.567237227783519,1.0,0
14190,1419.1,Baseline,1370,11.643044233151267,1.0,0
14200,1420.1,Baseline,1371,11.63998114228235,1.0,0
14210,1421.1,Baseline,1372,11.632153420013875,1.0,0
14220,1422.1,Baseline,1372,11.727074041145329,1.0,0
14230,1423.1,Baseline,1374,11.716061371788667,1.0,0
14240,1424.1,Baseline,1376,11.702373646125356,1.0,0
14250,1425.1,Baseline,1377,11.689402219123458,1.0,0
14260,1426.1,Baseline,1379,11.760611020429112,1.0,0
14270,1427.1,Baseline,1379,11.733570196168875,1.0,0
14280,1428.1,Baseline,1381,11.674591053666969,1.0,0
14290,1429.1,Baseline,1383,11.639768870920214,1.0,0
14300,1430.1,Baseline,1383,11.719963026829094,1.0,0
14310,1431.1,Baseline,1385,11.668799852226487,1.0,0
14320,1432.1,Baseline,1388,11.590241372903076,1.0,0
14330,1433.1,Baseline,1389,11.661515356029227,1.0,0
14340,1434.1,Baseline,1391,11.559808508925528,1.0,0
14350,1435.1,Baseline,1391,11.579285948726053,1.0,0
14360,1436.1,Baseline,1393,11.54041697297517,1.0,0
14370,1437.1,Baseline,1394,11.546924015085285,1.0,0
14380,1438.1,Baseline,1395,11.535367978353461,1.0,0
14390,1439.1,Baseline,1396,11.520913415253986,1.0,0
14400,1440.1,Baseline,1398,11.609353179637,1.0,0
14410,1441.1,Baseline,1399,11.555521829763435,1.0,0
14420,1442.1,Baseline,1399,11.585877295800174,1.0,0
14430,1443.1,Baseline,1400,11.570054560712885,1.0,0
14440,1444.1,Baseline,1402,11.560108636040178,1.0,0
14450,1445.1,Baseline,1404,11.475473443429696,1.0,0
14460,1446.1,Baseline,1404,11.463709989642846,1.0,0
14470,1447.1,Baseline,1405,11.416187571065022,1.0,0
14480,1448.1,Baseline,1407,11.448266404434857,1.0,0
14490,1449.1,Baseline,1409,11.40404204696368,1.0,0
14500,1450.1,Baseline,1409,11.445449989606297,1.0,0
14510,1451.1,Baseline,1411,11.435459241436403,1.0,0
14520,1452.1,Baseline,1413,11.372537089608693,1.0,0
14530,1453.1,Baseline,1414,11.367525301387484,1.0,0
14540,1454.1,Baseline,1415,11.340275978119745,1.0,0
14550,1455.1,Baseline,1416,11.404055276692308,1.0,0
14560,1456.1,Baseline,1418,11.334027465248514,1.0,0
14570,1457.1,Baseline,1420,11.294779703390464,1.0,0
14580,1458.1,Baseline,1420,11.3770398618548,1.0,0
14590,1459.1,Baseline,1422,11.287488615078795,1.0,0
14600,1460.1,Baseline,1424,11.23507370561499,1.0,0
14610,1461.1,Baseline,1425,11.212086762673433,1.0,0
14620,1462.1,Baseline,1426,11.307453647668302,1.0,0
14630,1463.1,Baseline,1428,11.201192211294114,1.0,0
14640,1464.1,Baseline,1428,11.22530243334881,1.0,0
14650,1465.1,Baseline,1429,11.19268832252314,1.0,0
14660,1466.1,Baseline,1430,11.229619059279376,1.0,0
14670,1467.1,Baseline,1432,11.16190450009644,1.0,0
14680,1468.1,Baseline,1433,11.146615638672046,1.0,0
14690,1469.1,Baseline,1435,11.199686583104581,1.0,0
14700,1470.1,Baseline,1437,11.123040547150291,1.0,0
14710,1471.1,Baseline,1439,11.05002097718382,1.0,0
14720,1472.1,Baseline,1439,11.06265462443559,1.0,0
14730,1473.1,Baseline,1441,11.076093881747362,1.0,0
14740,1474.1,Baseline,1443,10.988180113872668,1.0,0
14750,1475.1,Baseline,1445,10.916485795193548,1.0,0
14760,1476.1,Baseline,1446,11.050383527160415,1.0,0
14770,1477.1,Baseline,1447,10.999764397381472,1.0,0
14780,1478.1,Baseline,1448,10.986922473156625,1.0,0
14790,1479.1,Baseline,1450,10.898988018164799,1.0,0
14800,1480.1,Baseline,1450,10.997266393325704,1.0,0
14810,1481.1,Baseline,1450,11.020576658068853,1.0,0
14820,1482.1,Baseline,1451,11.002176770925507,1.0,0
14830,1483.1,Baseline,1451,11.030152711035962,1.0,0
14840,1484.1,Baseline,1452,11.104906807566039,1.0,0
14850,1485.1,Baseline,1453,11.085021694327658,1.0,0
14860,1486.1,Baseline,1453,11.110074426525202,1.0,0
14870,1487.1,Baseline,1454,11.161739614646143,1.0,0
14880,1488.1,Baseline,1454,11.16771570972711,1.0,0
14890,1489.1,Baseline,1457,11.077112186470202,1.0,0
14900,1490.1,Baseline,1457,11.079673430215998,1.0,0
14910,1491.1,Baseline,1459,11.078321495586744,1.0,0
14920,1492.1,Baseline,1460,11.048394114634053,1.0,0
14930,1493.1,Baseline,1461,11.026068423061224,1.0,0
14940,1494.1,Baseline,1463,11.023526758101433,1.0,0
14950,1495.1,Baseline,1464,10.984825362822198,1.0,0
14960,1496.1,Baseline,1466,10.920541210904625,1.0,0
14970,1497.1,Baseline,1467,10.926434758434457,1.0,0
14980,1498.1,Baseline,1468,11.050689330866136,1.0,0
14990,1499.1,Baseline,1469,11.037872736697839,1.0,0
15000,1500.1,Baseline,1470,11.054305682817102,1.0,0
15010,1501.1,Baseline,1470,11.082073593490941,1.0,0
15020,1502.1,Baseline,1471,11.158776984335335,1.0,0
15030,1503.1,Baseline,1472,11.160568058108668,1.0,0
15040,1504.1,Baseline,1472,11.206781021704092,1.0,0
15050,1505.1,Baseline,1474,11.238239812895634,1.0,0
15060,1506.1,Baseline,1474,11.267317736045928,1.0,0
15070,1507.1,Baseline,1475,11.287279046786397,1.0,0
15080,1508.1,Baseline,1476,11.290138646730039,1.0,0
15090,1509.1,Baseline,1477,11.348981686099425,1.0,0
15100,1510.1,Baseline,1479,11.284832134289795,1.0,0
15110,1511.1,Baseline,1481,11.219967478896407,1.0,0
15120,1512.1,Baseline,1482,11.307974259556644,1.0,0
15130,1513.1,Baseline,1483,11.253675645830832,1.0,0
15140,1514.1,Baseline,1484,11.229638571045399,1.0,0
15150,1515.1,Baseline,1486,11.185599309489637,1.0,0
15160,1516.1,Baseline,1487,11.207161850084516,1.0,0
15170,1517.1,Baseline,1488,11.191423284542445,1.0,0
15180,1518.1,Baseline,1489,11.164435906270539,1.0,0
15190,1519.1,Baseline,1489,11.18969258866331,1.0,0
15200,1520.1,Baseline,1490,11.269931281012378,1.0,0
15210,1521.1,Baseline,1492,11.249879563500569,1.0,0
15220,1522.1,Baseline,1493,11.264977719090982,1.0,0
15230,1523.1,Baseline,1494,11.340252289199713,1.0,0
15240,1524.1,Baseline,1496,11.290140322101413,1.0,0
15250,1525.1,Baseline,1497,11.275760205155294,1.0,0
15260,1526.1,Baseline,1499,11.277779158919541,1.0,0
15270,1527.1,Baseline,1501,11.305586802843422,1.0,0
15280,1528.1,Baseline,1503,11.26116990759086,1.0,0
15290,1529.1,Baseline,1503,11.291293909745953,1.0,0
15300,1530.1,Baseline,1505,11.313541162904869,1.0,0
15310,1531.1,Baseline,1507,11.268610562585287,1.0,0
15320,1532.1,Baseline,1508,11.2518937003971,1.0,0
15330,1533.1,Baseline,1509,11.2717001559781,1.0,0
15340,1534.1,Baseline,1510,11.387070830353315,1.0,0
15350,1535.1,Baseline,1512,11.351671301274475,1.0,0
15360,1536.1,Baseline,1513,11.377519058272211,1.0,0
15370,1537.1,Baseline,1515,11.326512184334469,1.0,0
15380,1538.1,Baseline,1515,11.442333283306484,1.0,0
15390,1539.1,Baseline,1517,11.39899616951151,1.0,0
15400,1540.1,Baseline,1519,11.355855706082451,1.0,0
15410,1541.1,Baseline,1521,11.413035299035823,1.0,0
15420,1542.1,Baseline,1522,11.354450877847787,1.0,0
15430,1543.1,Baseline,1523,11.383328000892277,1.0,0
15440,1544.1,Baseline,1524,11.430498994961416,1.0,0
15450,1545.1,Baseline,1524,11.568803750516043,1.0,0
15460,1546.1,Baseline,1525,11.604232326155694,1.0,0
15470,1547.1,Baseline,1526,11.56895116645648,1.0,0
15480,1548.1,Baseline,1527,11.690312430836206,1.0,0
15490,1549.1,Baseline,1529,11.604779926464317,1.0,0
15500,1550.1,Baseline,1529,11.641061951331924,1.0,0
15510,1551.1,Baseline,1531,11.587764580199194,1.0,0
15520,1552.1,Baseline,1532,11.641359896720525,1.0,0
15530,1553.1,Baseline,1534,11.554242491765319,1.0,0
15540,1554.1,Baseline,1534,11.574222754783818,1.0,0
15550,1555.1,Baseline,1536,11.507990567860974,1.0,0
15560,1556.1,Baseline,1538,11.558747108556341,1.0,0
15570,1557.1,Baseline,1538,11.60291705124588,1.0,0
15580,1558.1,Baseline,1540,11.534300434229817,1.0,0
15590,1559.1,Baseline,1543,11.501805048590944,1.0,0
15600,1560.1,Baseline,1543,11.529175219679358,1.0,0
15610,1561.1,Baseline,1544,11.504733192715412,1.0,0
15620,1562.1,Baseline,1545,11.46174107148235,1.0,0
15630,1563.1,Baseline,1547,11.520052818501583,1.0,0
15640,1564.1,Baseline,1549,11.42808220537752,1.0,0
15650,1565.1,Baseline,1551,11.35460015205022,1.0,0
15660,1566.1,Baseline,1551,11.423876529655386,1.0,0
15670,1567.1,Baseline,1553,11.352216080858991,1.0,0
15680,1568.1,Baseline,1556,11.230835436780989,1.0,0
15690,1569.1,Baseline,1556,11.296307142053628,1.0,0
15700,1570.1,Baseline,1558,11.366381538315535,1.0,0
15710,1571.1,Baseline,1559,11.372901830622068,1.0,0
15720,1572.1,Baseline,1561,11.359012385350448,1.0,0
15730,1573.1,Baseline,1563,11.298386521781003,1.0,0
15740,1574.1,Baseline,1563,11.371642905631106,1.0,0
15750,1575.1,Baseline,1565,11.280849966774099,1.0,0
15760,1576.1,Baseline,1566,11.14997023786566,1.0,0
15770,1577.1,Baseline,1566,11.19361126543613,1.0,0
15780,1578.1,Baseline,1567,11.07542482856382,1.0,0
15790,1579.1,Baseline,1567,11.030609078425622,1.0,0
15800,1580.1,Baseline,1567,10.989534555181287,1.0,0
15810,1581.1,Baseline,1567,10.96750678541758,1.0,0
15820,1582.1,Baseline,1568,10.864031278842486,1.0,0
15830,1583.1,Baseline,1568,10.869679522701928,1.0,0
15840,1584.1,Baseline,1568,10.96050285295372,1.0,0
15850,1585.1,Baseline,1568,10.933061131520013,1.0,0
15860,1586.1,Baseline,1569,10.893241422270323,1.0,0
15870,1587.1,Baseline,1569,10.906188781634368,1.0,0
15880,1588.1,Baseline,1570,10.97736079994339,1.0,0
15890,1589.1,Baseline,1571,10.968033143883321,1.0,0
15900,1590.1,Baseline,1572,10.97591734919349,1.0,0
15910,1591.1,Baseline,1572,11.003881859873754,1.0,0
15920,1592.1,Baseline,1573,11.06997234313775,1.0,0
15930,1593.1,Baseline,1574,11.053298647501101,1.0,0
15940,1594.1,Baseline,1575,11.03962163299061,1.0,0
15950,1595.1,Baseline,1575,11.136633932568824,1.0,0
15960,1596.1,Baseline,1576,11.109836289701203,1.0,0
15970,1597.1,Baseline,1576,11.146267057836244,1.0,0
15980,1598.1,Baseline,1577,11.115372011640291,1.0,0
15990,1599.1,Baseline,1577,11.272086052343438,1.0,0
16000,1600.1,Baseline,1578,11.23670350087905,1.0,0
16010,1601.1,Baseline,1579,11.230524494530165,1.0,0
16020,1602.1,Baseline,1579,11.288341562100728,1.0,0
16030,1603.1,Baseline,1580,11.283447724874431,1.0,0
16040,1604.1,Baseline,1581,11.282588210310749,1.0,0
16050,1605.1,Baseline,1581,11.33710253757549,1.0,0
16060,1606.1,Baseline,1583,11.453431420904883,1.0,0
16070,1607.1,Baseline,1583,11.457362880404531,1.0,0
16080,1608.1,Baseline,1585,11.408049286022797,1.0,0
16090,1609.1,Baseline,1586,11.35385330423276,1.0,0
16100,1610.1,Baseline,1588,11.350869193965751,1.0,0
16110,1611.1,Baseline,1589,11.315820818688636,1.0,0
16120,1612.1,Baseline,1591,11.236595834935587,1.0,0
16130,1613.1,Baseline,1592,11.340189933340666,1.0,0
16140,1614.1,Baseline,1593,11.324659746512616,1.0,0
16150,1615.1,Baseline,1594,11.290544090116981,1.0,0
16160,1616.1,Baseline,1596,11.249536810942528,1.0,0
16170,1617.1,Baseline,1598,11.247923288899099,1.0,0
16180,1618.1,Baseline,1600,11.178029024090856,1.0,0
16190,1619.1,Baseline,1600,11.198303618373927,1.0,0
16200,1620.1,Baseline,1601,11.287171808050624,1.0,0
16210,1621.1,Baseline,1604,11.16546496293594,1.0,0
16220,1622.1,Baseline,1606,11.101909471967575,1.0,0
16230,1623.1,Baseline,1607,11.085627468467347,1.0,0
16240,1624.1,Baseline,1608,11.140071222072521,1.0,0
16250,1625.1,Baseline,1611,11.065096456759585,1.0,0
16260,1626.1,Baseline,1612,11.047930210556993,1.0,0
16270,1627.1,Baseline,1613,11.05067539141105,1.0,0
16280,1628.1,Baseline,1615,11.118997291519198,1.0,0
16290,1629.1,Baseline,1615,11.175785387203437,1.0,0
16300,1630.1,Baseline,1617,11.134250635173572,1.0,0
16310,1631.1,Baseline,1619,11.178367246192032,1.0,0
16320,1632.1,Baseline,1620,11.177712914669074,1.0,0
16330,1633.1,Baseline,1621,11.17234768845104,1.0,0
16340,1634.1,Baseline,1623,11.137049573812686,1.0,0
16350,1635.1,Baseline,1625,11.180880687761446,1.0,0
16360,1636.1,Baseline,1627,11.13333612615214,1.0,0
16370,1637.1,Baseline,1628,11.110200738175894,1.0,0
16380,1638.1,Baseline,1630,11.091883089729043,1.0,0
16390,1639.1,Baseline,1631,11.034569478055843,1.0,0
16400,1640.1,Baseline,1632,10.970625449530232,1.0,0
16410,1641.1,Baseline,1634,10.90848941751174,1.0,0
16420,1642.1,Baseline,1637,10.911323421351309,1.0,0
16430,1643.1,Baseline,1637,10.912815194364283,1.0,0
16440,1644.1,Baseline,1639,10.85332887023699,1.0,0
16450,1645.1,Baseline,1640,10.821648858321133,1.0,0
16460,1646.1,Baseline,1641,10.862819630487197,1.0,0
16470,1647.1,Baseline,1641,10.869395162684816,1.0,0
16480,1648.1,Baseline,1642,10.834400482622595,1.0,0
16490,1649.1,Baseline,1642,10.96444523336304,1.0,0
16500,1650.1,Baseline,1643,10.886152080994565,1.0,0
16510,1651.1,Baseline,1644,10.859226526176032,1.0,0
16520,1652.1,Baseline,1645,10.83883861294933,1.0,0
16530,1653.1,Baseline,1646,10.872842510973195,1.0,0
16540,1654.1,Baseline,1648,10.777219937846244,1.0,0
16550,1655.1,Baseline,1648,10.74872470725853,1.0,0
16560,1656.1,Baseline,1649,10.831513906741963,1.0,0
16570,1657.1,Baseline,1650,10.773222891631859,1.0,0
16580,1658.1,Baseline,1650,10.79548058318926,1.0,0
16590,1659.1,Baseline,1651,10.761059435468068,1.0,0
16600,1660.1,Baseline,1651,10.825839917124139,1.0,0
16610,1661.1,Baseline,1654,10.728465907257327,1.0,0
16620,1662.1,Baseline,1654,10.767042089535428,1.0,0
16630,1663.1,Baseline,1656,10.71130803969004,1.0,0
16640,1664.1,Baseline,1657,10.828837391927987,1.0,0
16650,1665.1,Baseline,1658,10.826693471501997,1.0,0
16660,1666.1,Baseline,1660,10.767950462246537,1.0,0
16670,1667.1,Baseline,1662,10.791343070607484,1.0,0
16680,1668.1,Baseline,1663,10.731539603569725,1.0,0
16690,1669.1,Baseline,1664,10.718662982452136,1.0,0
16700,1670.1,Baseline,1665,10.733187249174161,1.0,0
16710,1671.1,Baseline,1666,10.840724987331505,1.0,0
16720,1672.1,Baseline,1668,10.754596994161552,1.0,0
16730,1673.1,Baseline,1668,10.772804412668608,1.0,0
16740,1674.1,Baseline,1669,10.81816610994083,1.0,0
16750,1675.1,Baseline,1671,10.763940538291743,1.0,0
16760,1676.1,Baseline,1673,10.710789803465522,1.0,0
16770,1677.1,Baseline,1675,10.684681619888709,1.0,0
16780,1678.1,Baseline,1676,10.812595397992771,1.0,0
16790,1679.1,Baseline,1678,10.753808586352786,1.0,0
16800,1680.1,Baseline,1680,10.707534013177547,1.0,0
16810,1681.1,Baseline,1680,10.7252916864236,1.0,0
16820,1682.1,Baseline,1682,10.724830889437271,1.0,0
16830,1683.1,Baseline,1683,10.737017737015854,1.0,0
16840,1684.1,Baseline,1685,10.690733310356277,1.0,0
16850,1685.1,Baseline,1686,10.808184154175258,1.0,0
16860,1686.1,Baseline,1687,10.80218244616126,1.0,0
16870,1687.1,Baseline,1689,10.771216951903684,1.0,0
16880,1688.1,Baseline,1690,10.803256901564012,1.0,0
16890,1689.1,Baseline,1692,10.839754603120722,1.0,0
16900,1690.1,Baseline,1694,10.83559011782432,1.0,0
16910,1691.1,Baseline,1694,10.92805172109397,1.0,0
16920,1692.1,Baseline,1696,11.065163052894885,1.0,0
16930,1693.1,Baseline,1698,11.037512013997818,1.0,0
16940,1694.1,Baseline,1699,11.086241965030624,1.0,0
16950,1695.1,Baseline,1700,11.1022231712979,1.0,0
16960,1696.1,Baseline,1701,11.206603764184658,1.0,0
16970,1697.1,Baseline,1702,11.246085223663156,1.0,0
16980,1698.1,Baseline,1704,11.23900553297337,1.0,0
16990,1699.1,Baseline,1704,11.305346704116134,1.0,0
17000,1700.1,Baseline,1706,11.362843293795398,1.0,0
17010,1701.1,Baseline,1707,11.36731804969337,1.0,0
17020,1702.1,Baseline,1708,11.347973441097992,1.0,0
17030,1703.1,Baseline,1710,11.37114034456685,1.0,0
17040,1704.1,Baseline,1711,11.383655202759423,1.0,0
17050,1705.1,Baseline,1712,11.374987787789516,1.0,0
17060,1706.1,Baseline,1713,11.389772729769861,1.0,0
17070,1707.1,Baseline,1715,11.458015166203106,1.0,0
17080,1708.1,Baseline,1715,11.488416941520187,1.0,0
17090,1709.1,Baseline,1717,11.425639813169557,1.0,0
17100,1710.1,Baseline,1718,11.486994454640735,1.0,0
17110,1711.1,Baseline,1719,11.430760314709941,1.0,0
17120,1712.1,Baseline,1720,11.388235995386196,1.0,0
17130,1713.1,Baseline,1721,11.377244294715517,1.0,0
17140,1714.1,Baseline,1721,11.5047899649196,1.0,0
17150,1715.1,Baseline,1722,11.458911624673771,1.0,0
17160,1716.1,Baseline,1723,11.405808429576087,1.0,0
17170,1717.1,Baseline,1723,11.444324505569226,1.0,0
17180,1718.1,Baseline,1724,11.539574463251215,1.0,0
17190,1719.1,Baseline,1725,11.57204657099888,1.0,0
17200,1720.1,Baseline,1726,11.518100753840455,1.0,0
17210,1721.1,Baseline,1727,11.620963930689161,1.0,0
17220,1722.1,Baseline,1727,11.633814320996478,1.0,0
17230,1723.1,Baseline,1728,11.651839884927323,1.0,0
17240,1724.1,Baseline,1729,11.663884157628617,1.0,0
17250,1725.1,Baseline,1729,11.76675299580749,1.0,0
17260,1726.1,Baseline,1731,11.7265331510752,1.0,0
17270,1727.1,Baseline,1732,11.734752946221345,1.0,0
17280,1728.1,Baseline,1734,11.781929480534973,1.0,0
17290,1729.1,Baseline,1735,11.725514150169161,1.0,0
17300,1730.1,Baseline,1736,11.715981998527296,1.0,0
17310,1731.1,Baseline,1737,11.70284679691273,1.0,0
17320,1732.1,Baseline,1739,11.725099487642856,1.0,0
17330,1733.1,Baseline,1740,11.729218398404997,1.0,0
17340,1734.1,Baseline,1741,11.727607303261765,1.0,0
17350,1735.1,Baseline,1742,11.708383999921098,1.0,0
17360,1736.1,Baseline,1744,11.711263617934053,1.0,0
17370,1737.1,Baseline,1746,11.68078468734505,1.0,0
17380,1738.1,Baseline,1746,11.73952807907123,1.0,0
17390,1739.1,Baseline,1748,11.723720727355069,1.0,0
17400,1740.1,Baseline,1748,11.783573078629635,1.0,0
17410,1741.1,Baseline,1750,11.717391948271644,1.0,0
17420,1742.1,Baseline,1751,11.692097377395013,1.0,0
17430,1743.1,Baseline,1752,11.692175229563638,1.0,0
17440,1744.1,Baseline,1752,11.656266263859793,1.0,0
17450,1745.1,Baseline,1755,11.520303482973484,1.0,0
17460,1746.1,Baseline,1757,11.480806677026608,1.0,0
17470,1747.1,Baseline,1757,11.432828122371271,1.0,0
17480,1748.1,Baseline,1758,11.373953921271664,1.0,0
17490,1749.1,Baseline,1760,11.250409722316931,1.0,0
17500,1750.1,Baseline,1760,11.318842927100047,1.0,0
17510,1751.1,Baseline,1761,11.233411798595819,1.0,0
17520,1752.1,Baseline,1761,11.209479481952712,1.0,0
17530,1753.1,Baseline,1762,11.189487298773605,1.0,0
17540,1754.1,Baseline,1763,11.19275365855695,1.0,0
17550,1755.1,Baseline,1764,11.125941017846584,1.0,0
17560,1756.1,Baseline,1765,11.027109302536271,1.0,0
17570,1757.1,Baseline,1765,11.097036633792891,1.0,0
17580,1758.1,Baseline,1766,10.988778229115841,1.0,0
17590,1759.1,Baseline,1767,10.933064530641255,1.0,0
17600,1760.1,Baseline,1767,10.947130752711962,1.0,0
17610,1761.1,Baseline,1768,10.991779932189395,1.0,0
17620,1762.1,Baseline,1770,10.95055134986945,1.0,0
17630,1763.1,Baseline,1771,10.949439890116816,1.0,0
17640,1764.1,Baseline,1772,11.084244689196563,1.0,0
17650,1765.1,Baseline,1773,11.060621210761154,1.0,0
17660,1766.1,Baseline,1775,11.027195309375585,1.0,0
17670,1767.1,Baseline,1777,10.99344430928773,1.0,0
17680,1768.1,Baseline,1777,11.094951204525755,1.0,0
17690,1769.1,Baseline,1779,11.087192003845756,1.0,0
17700,1770.1,Baseline,1780,11.109360399458758,1.0,0
17710,1771.1,Baseline,1781,11.104277005786253,1.0,0
17720,1772.1,Baseline,1783,11.157306623489387,1.0,0
17730,1773.1,Baseline,1785,11.10431341044105,1.0,0
17740,1774.1,Baseline,1786,11.096484168302117,1.0,0
17750,1775.1,Baseline,1787,11.153858601957804,1.0,0
17760,1776.1,Baseline,1788,11.103737020425573,1.0,0
17770,1777.1,Baseline,1789,11.062819485389875,1.0,0
17780,1778.1,Baseline,1791,10.938450279962531,1.0,0
17790,1779.1,Baseline,1792,10.941480439997362,1.0,0
17800,1780.1,Baseline,1794,10.824967613306361,1.0,0
17810,1781.1,Baseline,1795,10.750558789492178,1.0,0
17820,1782.1,Baseline,1797,10.70731976324378,1.0,0
17830,1783.1,Baseline,1798,10.671003466210916,1.0,0
17840,1784.1,Baseline,1800,10.598535300268695,1.0,0
17850,1785.1,Baseline,1801,10.590445675123213,1.0,0
17860,1786.1,Baseline,1801,10.704281456147454,1.0,0
17870,1787.1,Baseline,1802,10.668835269779317,1.0,0
17880,1788.1,Baseline,1803,10.630429829083226,1.0,0
17890,1789.1,Baseline,1804,10.59332776960333,1.0,0
17900,1790.1,Baseline,1806,10.543898438196033,1.0,0
17910,1791.1,Baseline,1806,10.547504172477801,1.0,0
17920,1792.1,Baseline,1807,10.49441402016722,1.0,0
17930,1793.1,Baseline,1807,10.592769756237322,1.0,0
17940,1794.1,Baseline,1807,10.558163864571835,1.0,0
17950,1795.1,Baseline,1807,10.533154144369862,1.0,0
17960,1796.1,Baseline,1807,10.514495338531283,1.0,0
17970,1797.1,Baseline,1807,10.549318519250923,1.0,0
17980,1798.1,Baseline,1807,10.542578958589461,1.0,0
17990,1799.1,Baseline,1808,10.467667307148217,1.0,0
18000,1800.1,Baseline,1809,10.45452253451801,1.0,0
